Date;Open;High;Low;Close;Adj Close;Volume
Sep 24, 2021;1749.70;1749.70;1745.00;1749.70;1749.70;31
Sep 23, 2021;1766.80;1766.80;1738.20;1747.70;1747.70;31
Sep 22, 2021;1776.70;1784.30;1767.00;1776.70;1776.70;17
Sep 21, 2021;1762.20;1776.00;1759.00;1776.00;1776.00;106
Sep 20, 2021;1751.80;1761.80;1750.90;1761.80;1761.80;185
Sep 17, 2021;1758.80;1763.00;1749.40;1749.40;1749.40;581
Sep 16, 2021;1792.90;1792.90;1743.90;1754.60;1754.60;1645
Sep 15, 2021;1803.70;1803.70;1792.40;1792.40;1792.40;59
Sep 14, 2021;1791.40;1806.20;1783.00;1804.70;1804.70;764
Sep 13, 2021;1789.80;1796.00;1784.00;1792.00;1792.00;533
Sep 10, 2021;1789.60;1789.60;1789.60;1789.60;1789.60;
Sep 09, 2021;1798.70;1798.70;1787.90;1797.40;1797.40;49
Sep 08, 2021;1781.70;1790.70;1781.70;1790.70;1790.70;69
Sep 07, 2021;1825.70;1825.70;1792.70;1795.90;1795.90;48
Sep 03, 2021;1820.90;1833.90;1818.90;1830.90;1830.90;53
Sep 02, 2021;1813.20;1813.90;1806.80;1808.70;1808.70;26
Sep 01, 2021;1813.50;1815.90;1809.50;1813.10;1813.10;114
Aug 31, 2021;1815.90;1815.90;1801.10;1815.00;1815.00;82
Aug 30, 2021;1818.20;1820.30;1807.80;1809.00;1809.00;684
Aug 27, 2021;1803.40;1816.60;1803.10;1816.60;1816.60;1219
Aug 26, 2021;1787.40;1792.20;1781.00;1792.20;1792.20;61
Aug 25, 2021;1792.00;1792.90;1784.00;1788.20;1788.20;812
Aug 24, 2021;1801.00;1805.60;1801.00;1805.60;1805.60;22
Aug 23, 2021;1776.80;1804.80;1776.80;1803.20;1803.20;32
Aug 20, 2021;1784.10;1787.50;1778.20;1781.00;1781.00;235
Aug 19, 2021;1780.00;1789.30;1775.50;1780.20;1780.20;245
Aug 18, 2021;1787.80;1791.50;1779.00;1781.60;1781.60;263
Aug 17, 2021;1787.70;1794.20;1780.00;1785.00;1785.00;200
Aug 16, 2021;1776.90;1787.80;1771.90;1786.90;1786.90;219
Aug 13, 2021;1758.30;1777.30;1757.40;1775.20;1775.20;436
Aug 12, 2021;1749.70;1752.40;1745.50;1749.00;1749.00;739
Aug 11, 2021;1727.30;1752.20;1727.30;1750.40;1750.40;542
Aug 10, 2021;1728.60;1735.20;1720.10;1728.80;1728.80;1363
Aug 09, 2021;1753.50;1753.80;1692.60;1723.40;1723.40;1621
Aug 06, 2021;1799.80;1800.10;1758.40;1760.00;1760.00;859
Aug 05, 2021;1810.80;1813.70;1796.00;1805.10;1805.10;588
Aug 04, 2021;1809.30;1831.30;1806.30;1810.50;1810.50;2860
Aug 03, 2021;1812.30;1813.50;1806.00;1810.10;1810.10;3,341
Aug 02, 2021;1812.40;1818.70;1804.80;1818.10;1818.10;1334
Jul 30, 2021;1828.00;1830.50;1808.90;1812.60;1812.60;3,100
Jul 29, 2021;1806.60;1832.60;1806.10;1831.20;1831.20;30,496
Jul 28, 2021;1799.50;1799.50;1799.50;1799.50;1799.50;209,783
Jul 27, 2021;1803.70;1803.70;1799.50;1799.50;1799.50;1
Jul 26, 2021;1802.50;1802.50;1797.20;1798.70;1798.70;17
Jul 23, 2021;1800.00;1801.40;1800.00;1801.40;1801.40;1
Jul 22, 2021;1793.60;1805.00;1793.60;1805.00;1805.00;2
Jul 21, 2021;1807.00;1807.00;1800.00;1802.90;1802.90;135
Jul 20, 2021;1812.90;1824.00;1810.90;1810.90;1810.90;128
Jul 19, 2021;1803.30;1813.40;1803.30;1808.70;1808.70;33
Jul 16, 2021;1830.10;1831.40;1814.50;1814.50;1814.50;78
Jul 15, 2021;1831.60;1833.00;1823.40;1828.40;1828.40;99
Jul 14, 2021;1813.10;1829.00;1813.10;1824.30;1824.30;707
Jul 13, 2021;1808.10;1812.00;1800.60;1809.40;1809.40;78
Jul 12, 2021;1802.60;1805.50;1799.50;1805.50;1805.50;147
Jul 09, 2021;1803.60;1810.10;1798.80;1810.00;1810.00;218
Jul 08, 2021;1797.00;1818.50;1797.00;1799.60;1799.60;148
Jul 07, 2021;1798.70;1808.40;1797.20;1801.50;1801.50;244
Jul 06, 2021;1786.70;1809.80;1786.70;1793.50;1793.50;332
Jul 02, 2021;1778.70;1787.90;1778.30;1782.60;1782.60;23
Jul 01, 2021;1775.70;1781.20;1768.80;1775.90;1775.90;44
Jun 30, 2021;1761.10;1770.80;1759.20;1770.80;1770.80;51
Jun 29, 2021;1776.80;1777.10;1752.10;1762.80;1762.80;419
Jun 28, 2021;1779.60;1779.60;1779.60;1779.60;1779.60;888
Jun 25, 2021;1777.70;1788.00;1775.20;1776.60;1776.60;35
Jun 24, 2021;1778.90;1786.40;1775.60;1775.60;1775.60;78
Jun 23, 2021;1780.70;1793.20;1780.60;1782.30;1782.30;136
Jun 22, 2021;1783.40;1786.90;1775.90;1776.30;1776.30;101
Jun 21, 2021;1768.80;1785.20;1766.80;1781.80;1781.80;38
Jun 18, 2021;1775.70;1792.40;1767.90;1767.90;1767.90;354
Jun 17, 2021;1811.80;1823.30;1769.60;1773.80;1773.80;1135
Jun 16, 2021;1859.40;1860.10;1809.20;1859.50;1859.50;117
Jun 15, 2021;1866.40;1867.20;1854.40;1854.50;1854.50;78
Jun 14, 2021;1866.20;1866.60;1846.50;1864.00;1864.00;41
Jun 11, 2021;1900.90;1902.30;1875.20;1877.40;1877.40;349
Jun 10, 2021;1887.70;1899.80;1871.50;1894.20;1894.20;186
Jun 09, 2021;1894.90;1897.70;1889.20;1893.20;1893.20;148
Jun 08, 2021;1896.50;1902.90;1890.00;1892.20;1892.20;930
Jun 07, 2021;1890.50;1899.70;1883.20;1896.80;1896.80;87
Jun 04, 2021;1869.30;1895.50;1854.00;1889.80;1889.80;367
Jun 03, 2021;1908.80;1908.80;1865.00;1871.20;1871.20;1021
Jun 02, 2021;1899.20;1908.80;1896.00;1907.50;1907.50;1267
Jun 01, 2021;1905.10;1916.20;1892.80;1902.90;1902.90;640
May 28, 2021;1897.50;1905.40;1881.90;1902.50;1902.50;2415
May 27, 2021;1896.80;1903.90;1888.20;1895.70;1895.70;35,794
May 26, 2021;1901.30;1901.30;1901.30;1901.30;1901.30;170,526
May 25, 2021;1882.50;1898.10;1882.50;1898.10;1898.10;56
May 24, 2021;1882.10;1884.60;1882.10;1884.60;1884.60;39
May 21, 2021;1872.10;1876.70;1872.10;1876.70;1876.70;5
May 20, 2021;1865.50;1885.00;1864.80;1881.80;1881.80;85
May 19, 2021;1866.40;1884.90;1863.60;1881.30;1881.30;348
May 18, 2021;1870.50;1870.50;1867.80;1867.80;1867.80;3
May 17, 2021;1849.90;1867.50;1847.20;1867.50;1867.50;13
May 14, 2021;1824.50;1842.90;1824.50;1837.90;1837.90;41
May 13, 2021;1814.70;1826.80;1814.10;1823.80;1823.80;100
May 12, 2021;1825.20;1825.20;1821.70;1822.60;1822.60;3
May 11, 2021;1837.20;1838.10;1831.60;1835.90;1835.90;420
May 10, 2021;1835.60;1845.60;1835.40;1837.50;1837.50;13
May 07, 2021;1842.90;1842.90;1831.10;1831.10;1831.10;2
May 06, 2021;1788.90;1815.50;1787.60;1815.50;1815.50;13
May 05, 2021;1781.50;1784.10;1779.20;1784.10;1784.10;57
May 04, 2021;1788.20;1788.50;1774.80;1775.80;1775.80;182
May 03, 2021;1788.50;1793.00;1788.50;1791.40;1791.40;18
Apr 30, 2021;1771.80;1771.80;1763.90;1767.30;1767.30;18
Apr 29, 2021;1781.00;1789.00;1758.60;1768.10;1768.10;196
Apr 28, 2021;1768.20;1774.00;1764.60;1773.20;1773.20;756
Apr 27, 2021;1780.00;1782.00;1777.70;1778.00;1778.00;117
Apr 26, 2021;1778.00;1779.70;1770.80;1779.20;1779.20;549
Apr 23, 2021;1786.10;1794.50;1772.00;1777.00;1777.00;332
Apr 22, 2021;1794.20;1794.20;1779.50;1781.20;1781.20;159
Apr 21, 2021;1783.00;1794.10;1777.70;1792.30;1792.30;250
Apr 20, 2021;1769.30;1777.30;1765.50;1777.30;1777.30;1464
Apr 19, 2021;1782.10;1788.50;1769.40;1769.40;1769.40;144
Apr 16, 2021;1770.40;1779.50;1770.10;1779.00;1779.00;625
Apr 15, 2021;1740.10;1767.90;1740.10;1765.40;1765.40;368
Apr 14, 2021;1741.30;1745.90;1732.70;1734.90;1734.90;1037
Apr 13, 2021;1733.80;1746.90;1722.10;1746.20;1746.20;367
Apr 12, 2021;1740.80;1740.80;1726.70;1731.20;1731.20;40
Apr 09, 2021;1750.80;1750.80;1733.30;1743.30;1743.30;484
Apr 08, 2021;1736.00;1758.00;1734.60;1756.80;1756.80;1298
Apr 07, 2021;1742.70;1742.70;1733.70;1740.10;1740.10;557
Apr 06, 2021;1726.90;1744.80;1726.90;1741.50;1741.50;890
Apr 05, 2021;1727.90;1729.70;1721.90;1727.00;1727.00;275
Apr 01, 2021;1706.80;1728.80;1706.40;1726.50;1726.50;720
Mar 31, 2021;1683.70;1713.80;1676.50;1713.80;1713.80;762
Mar 30, 2021;1711.00;1712.60;1676.50;1683.90;1683.90;25,316
Mar 29, 2021;1712.10;1712.10;1712.10;1712.10;1712.10;135,457
Mar 26, 2021;1721.30;1732.20;1721.30;1732.20;1732.20;33
Mar 25, 2021;1732.70;1733.20;1724.50;1724.90;1724.90;15
Mar 24, 2021;1727.50;1732.90;1727.50;1732.90;1732.90;26
Mar 23, 2021;1724.70;1724.70;1724.70;1724.70;1724.70;6
Mar 22, 2021;1737.80;1737.80;1737.80;1737.80;1737.80;51
Mar 19, 2021;1742.20;1742.20;1733.60;1741.40;1741.40;13
Mar 18, 2021;1745.80;1750.30;1721.80;1732.20;1732.20;138
Mar 17, 2021;1735.30;1750.10;1725.60;1726.80;1726.80;488
Mar 16, 2021;1732.30;1733.90;1726.00;1730.60;1730.60;729
Mar 15, 2021;1729.50;1731.90;1722.80;1728.90;1728.90;147
Mar 12, 2021;1715.90;1722.50;1699.00;1719.50;1719.50;80
Mar 11, 2021;1725.60;1737.50;1720.20;1722.30;1722.30;18
Mar 10, 2021;1713.60;1722.90;1711.00;1721.50;1721.50;412
Mar 09, 2021;1686.20;1717.50;1685.20;1716.60;1716.60;335
Mar 08, 2021;1704.70;1705.40;1673.70;1677.70;1677.70;1290
Mar 05, 2021;1690.60;1701.00;1685.00;1698.00;1698.00;302
Mar 04, 2021;1706.50;1717.40;1700.20;1700.20;1700.20;521
Mar 03, 2021;1730.00;1732.40;1703.50;1715.30;1715.30;501
Mar 02, 2021;1709.40;1733.10;1708.70;1733.10;1733.10;867
Mar 01, 2021;1737.10;1747.00;1720.30;1722.50;1722.50;407
Feb 26, 2021;1768.10;1768.20;1718.80;1728.10;1728.10;1593
Feb 25, 2021;1801.50;1802.00;1766.70;1774.40;1774.40;1049
Feb 24, 2021;1805.80;1805.80;1796.40;1796.40;1796.40;1500
Feb 23, 2021;1809.60;1811.30;1796.40;1804.40;1804.40;569
Feb 22, 2021;1784.00;1807.80;1784.00;1806.70;1806.70;165
Feb 19, 2021;1764.30;1787.60;1764.30;1775.80;1775.80;118
Feb 18, 2021;1776.10;1784.60;1766.00;1773.40;1773.40;587
Feb 17, 2021;1785.80;1789.70;1768.80;1771.10;1771.10;614
Feb 16, 2021;1820.90;1823.40;1787.30;1797.20;1797.20;1141
Feb 12, 2021;1825.00;1827.50;1809.20;1821.60;1821.60;259
Feb 11, 2021;1840.50;1845.00;1820.90;1824.90;1824.90;602
Feb 10, 2021;1842.60;1851.10;1837.00;1840.60;1840.60;543
Feb 09, 2021;1841.90;1843.30;1830.70;1835.30;1835.30;184
Feb 08, 2021;1816.30;1836.70;1809.00;1831.90;1831.90;254
Feb 05, 2021;1794.30;1813.50;1790.90;1810.90;1810.90;1278
Feb 04, 2021;1832.20;1832.20;1782.80;1788.90;1788.90;2375
Feb 03, 2021;1834.80;1842.40;1829.80;1832.20;1832.20;1195
Feb 02, 2021;1859.60;1861.30;1827.60;1830.50;1830.50;1293
Feb 01, 2021;1866.60;1871.90;1850.00;1860.80;1860.80;1494
Jan 29, 2021;1842.00;1876.00;1838.70;1847.30;1847.30;1634
Jan 28, 2021;1843.40;1862.90;1831.50;1837.90;1837.90;27,283
Jan 27, 2021;1844.90;1844.90;1844.90;1844.90;1844.90;195,540
Jan 26, 2021;1855.80;1855.80;1850.70;1850.70;1850.70;59
Jan 25, 2021;1864.70;1864.70;1851.80;1854.90;1854.90;26
Jan 22, 2021;1854.90;1855.70;1852.70;1855.70;1855.70;8
Jan 21, 2021;1865.30;1868.00;1865.30;1865.30;1865.30;6
Jan 20, 2021;1847.80;1866.60;1844.40;1865.90;1865.90;16
Jan 19, 2021;1802.00;1842.90;1802.00;1839.50;1839.50;13
Jan 15, 2021;1829.40;1829.40;1825.00;1829.30;1829.30;31
Jan 14, 2021;1836.70;1850.70;1836.70;1850.30;1850.30;149
Jan 13, 2021;1858.00;1858.60;1853.60;1853.60;1853.60;189
Jan 12, 2021;1849.00;1859.70;1839.40;1842.90;1842.90;176
Jan 11, 2021;1826.50;1849.60;1826.50;1849.60;1849.60;20
Jan 08, 2021;1908.00;1908.00;1834.10;1834.10;1834.10;60
Jan 07, 2021;1922.60;1926.70;1912.00;1912.30;1912.30;122
Jan 06, 2021;1952.00;1959.90;1901.50;1906.90;1906.90;331
Jan 05, 2021;1941.70;1952.70;1941.30;1952.70;1952.70;113
Jan 04, 2021;1912.20;1945.10;1912.20;1944.70;1944.70;154
Dec 31, 2020;1897.00;1901.30;1892.70;1893.10;1893.10;127
Dec 30, 2020;1879.90;1895.80;1877.30;1891.00;1891.00;444
Dec 29, 2020;1881.30;1881.30;1879.70;1879.70;1879.70;343
Dec 28, 2020;1895.50;1895.80;1873.70;1877.20;1877.20;75
Dec 24, 2020;;;;;;
Dec 23, 2020;1867.00;1878.80;1864.50;1874.70;1874.70;82
Dec 22, 2020;1882.20;1882.20;1861.00;1866.60;1866.60;233
Dec 21, 2020;1884.80;1908.00;1869.10;1879.20;1879.20;136
Dec 18, 2020;1882.40;1889.50;1882.30;1885.70;1885.70;276
Dec 17, 2020;1874.20;1896.20;1874.20;1887.20;1887.20;414
Dec 16, 2020;1856.50;1864.70;1850.50;1856.10;1856.10;1090
Dec 15, 2020;1833.50;1853.60;1833.20;1852.30;1852.30;961
Dec 14, 2020;1835.50;1835.70;1822.70;1828.70;1828.70;258
Dec 11, 2020;1838.50;1846.00;1829.10;1839.80;1839.80;109
Dec 10, 2020;1833.20;1849.10;1828.00;1833.60;1833.60;177
Dec 09, 2020;1867.10;1867.10;1827.00;1834.60;1834.60;215
Dec 08, 2020;1863.00;1875.80;1861.80;1870.80;1870.80;121
Dec 07, 2020;1836.50;1866.90;1820.80;1861.80;1861.80;1427
Dec 04, 2020;1840.70;1847.60;1828.20;1835.90;1835.90;1213
Dec 03, 2020;1829.20;1842.00;1825.30;1836.80;1836.80;1765
Dec 02, 2020;1811.30;1830.00;1807.80;1825.70;1825.70;771
Dec 01, 2020;1775.00;1815.90;1774.90;1814.10;1814.10;1859
Nov 30, 2020;1785.00;1787.20;1762.30;1775.70;1775.70;3,145
Nov 27, 2020;;;;;;
Nov 25, 2020;1801.40;1805.70;1801.40;1805.70;1805.70;205,754
Nov 24, 2020;1829.30;1829.30;1799.30;1804.80;1804.80;1041
Nov 23, 2020;1834.80;1837.80;1829.20;1837.80;1837.80;843
Nov 20, 2020;1871.20;1872.60;1871.20;1872.60;1872.60;1900
Nov 19, 2020;1865.80;1865.80;1856.00;1861.10;1861.10;59
Nov 18, 2020;1873.50;1873.50;1873.50;1873.50;1873.50;152
Nov 17, 2020;1888.40;1888.40;1884.50;1884.50;1884.50;59
Nov 16, 2020;1874.60;1887.30;1871.00;1887.30;1887.30;6
Nov 13, 2020;1877.00;1890.10;1876.80;1885.70;1885.70;240
Nov 12, 2020;1869.00;1878.50;1866.60;1872.60;1872.60;220
Nov 11, 2020;1878.80;1878.80;1855.50;1860.70;1860.70;222
Nov 10, 2020;1879.30;1885.30;1871.20;1875.40;1875.40;276
Nov 09, 2020;1955.60;1963.20;1847.10;1853.20;1853.20;745
Nov 06, 2020;1940.80;1958.80;1940.80;1950.30;1950.30;304
Nov 05, 2020;1901.70;1948.00;1901.70;1945.30;1945.30;135
Nov 04, 2020;1893.80;1907.00;1885.30;1894.60;1894.60;782
Nov 03, 2020;1891.50;1908.50;1891.50;1908.50;1908.50;712
Nov 02, 2020;1872.90;1894.70;1872.90;1890.40;1890.40;190
Oct 30, 2020;1862.80;1886.60;1862.80;1877.40;1877.40;725
Oct 29, 2020;1876.10;1879.80;1858.80;1865.60;1865.60;240
Oct 28, 2020;1870.90;1876.20;1870.90;1876.20;1876.20;277
Oct 27, 2020;1904.60;1908.80;1904.40;1908.80;1908.80;176
Oct 26, 2020;1895.50;1907.00;1893.50;1902.70;1902.70;242
Oct 23, 2020;1899.90;1913.30;1896.20;1902.00;1902.00;287
Oct 22, 2020;1924.30;1924.30;1898.20;1901.10;1901.10;899
Oct 21, 2020;1913.60;1927.30;1913.60;1924.60;1924.60;1202
Oct 20, 2020;1901.30;1910.40;1896.10;1910.40;1910.40;329
Oct 19, 2020;1907.30;1907.80;1899.50;1906.40;1906.40;43
Oct 16, 2020;1898.50;1900.80;1898.50;1900.80;1900.80;53
Oct 15, 2020;1897.30;1906.30;1889.60;1903.20;1903.20;254
Oct 14, 2020;1889.70;1910.80;1882.50;1901.30;1901.30;33
Oct 13, 2020;1921.90;1922.20;1887.00;1888.50;1888.50;191
Oct 12, 2020;1924.00;1926.50;1921.60;1922.50;1922.50;96
Oct 09, 2020;1909.30;1929.10;1905.10;1919.50;1919.50;580
Oct 08, 2020;1893.00;1893.00;1882.70;1888.60;1888.60;348
Oct 07, 2020;1874.10;1889.80;1873.10;1883.60;1883.60;50
Oct 06, 2020;1906.60;1918.00;1874.40;1901.10;1901.10;968
Oct 05, 2020;1898.90;1915.60;1884.70;1912.50;1912.50;1360
Oct 02, 2020;1893.90;1913.00;1893.90;1900.20;1900.20;530
Oct 01, 2020;1884.10;1909.60;1882.50;1908.40;1908.40;730
Sep 30, 2020;1893.00;1899.70;1879.80;1887.50;1887.50;600
Sep 29, 2020;1876.50;1895.40;1872.40;1894.30;1894.30;3,283
Sep 28, 2020;1872.80;1872.80;1872.80;1872.80;1872.80;10,455
Sep 25, 2020;1856.30;1857.70;1856.30;1857.70;1857.70;4
Sep 24, 2020;1851.50;1868.30;1851.50;1868.30;1868.30;365
Sep 23, 2020;1875.50;1875.50;1859.90;1859.90;1859.90;5
Sep 22, 2020;1913.10;1913.10;1898.60;1898.60;1898.60;331
Sep 21, 2020;1946.20;1946.20;1883.40;1901.20;1901.20;52
Sep 18, 2020;1950.50;1952.10;1949.00;1952.10;1952.10;38
Sep 17, 2020;1939.00;1946.00;1933.70;1940.00;1940.00;67
Sep 16, 2020;1961.30;1961.40;1956.70;1960.20;1960.20;124
Sep 15, 2020;1955.80;1968.50;1955.80;1956.30;1956.30;74
Sep 14, 2020;1946.30;1953.10;1943.00;1953.10;1953.10;55
Sep 11, 2020;1944.00;1949.50;1937.80;1937.80;1937.80;73
Sep 10, 2020;1944.10;1962.70;1944.10;1954.20;1954.20;722
Sep 09, 2020;1926.90;1946.20;1924.60;1944.70;1944.70;219
Sep 08, 2020;1930.90;1937.90;1903.10;1933.00;1933.00;271
Sep 04, 2020;1927.90;1939.70;1917.70;1923.90;1923.90;607
Sep 03, 2020;1937.10;1938.80;1923.00;1927.60;1927.60;179
Sep 02, 2020;1967.30;1967.30;1934.40;1934.40;1934.40;71
Sep 01, 2020;1961.70;1986.30;1961.70;1968.20;1968.20;186
Aug 31, 2020;1970.00;1971.30;1953.30;1967.60;1967.60;158
Aug 28, 2020;1927.10;1971.30;1922.50;1964.60;1964.60;778
Aug 27, 2020;1948.90;1972.50;1921.60;1921.60;1921.60;2303
Aug 26, 2020;1909.70;1950.80;1909.70;1940.70;1940.70;287
Aug 25, 2020;1927.50;1928.50;1911.80;1911.80;1911.80;176
Aug 24, 2020;1930.20;1940.00;1922.20;1927.70;1927.70;85
Aug 21, 2020;1941.00;1945.00;1908.90;1934.60;1934.60;184
Aug 20, 2020;1941.20;1948.30;1922.30;1933.80;1933.80;106
Aug 19, 2020;1980.00;1980.00;1938.70;1958.70;1958.70;347
Aug 18, 2020;2001.10;2002.80;1972.10;1999.40;1999.40;92
Aug 17, 2020;1949.60;1985.00;1949.60;1985.00;1985.00;97
Aug 14, 2020;1938.70;1947.40;1937.00;1937.00;1937.00;201
Aug 13, 2020;1921.50;1957.40;1916.90;1956.70;1956.70;71
Aug 12, 2020;1923.00;1946.60;1871.60;1934.90;1934.90;404
Aug 11, 2020;2012.40;2016.00;1904.00;1932.60;1932.60;971
Aug 10, 2020;2026.40;2043.80;2017.50;2024.40;2024.40;233
Aug 07, 2020;2040.10;2055.00;2009.60;2010.10;2010.10;808
Aug 06, 2020;2045.50;2063.00;2040.00;2051.50;2051.50;294
Aug 05, 2020;2024.00;2050.20;2011.00;2031.10;2031.10;1422
Aug 04, 2020;1971.00;2016.20;1968.80;2001.20;2001.20;2010
Aug 03, 2020;1984.30;1984.30;1955.50;1966.00;1966.00;683
Jul 31, 2020;1948.60;1981.10;1948.00;1962.80;1962.80;2914
Jul 30, 2020;1963.40;1965.10;1930.00;1942.30;1942.30;28,853
Jul 29, 2020;1953.20;1953.50;1952.60;1953.50;1953.50;209,835
Jul 28, 2020;1931.50;1944.70;1928.60;1944.70;1944.70;825
Jul 27, 2020;1901.70;1938.00;1901.50;1931.00;1931.00;364
Jul 24, 2020;1884.30;1897.30;1884.30;1897.30;1897.30;474
Jul 23, 2020;1868.70;1890.30;1868.50;1889.10;1889.10;133
Jul 22, 2020;1858.10;1867.00;1854.70;1864.10;1864.10;213
Jul 21, 2020;1822.00;1842.40;1822.00;1842.40;1842.40;117
Jul 20, 2020;1807.00;1817.30;1807.00;1815.90;1815.90;89
Jul 17, 2020;1798.50;1810.10;1798.50;1808.30;1808.30;24
Jul 16, 2020;1810.90;1810.90;1794.30;1798.70;1798.70;146
Jul 15, 2020;1806.10;1813.50;1806.10;1811.40;1811.40;167
Jul 14, 2020;1791.00;1811.50;1791.00;1810.60;1810.60;339
Jul 13, 2020;1805.00;1811.00;1805.00;1811.00;1811.00;164
Jul 10, 2020;1805.50;1805.50;1797.70;1798.20;1798.20;236
Jul 09, 2020;1816.10;1819.80;1799.20;1799.20;1799.20;396
Jul 08, 2020;1801.50;1817.90;1801.50;1815.50;1815.50;209
Jul 07, 2020;1789.30;1804.20;1783.30;1804.20;1804.20;751
Jul 06, 2020;1788.20;1790.10;1788.20;1788.50;1788.50;172
Jul 02, 2020;1773.40;1784.00;1768.70;1784.00;1784.00;215
Jul 01, 2020;1793.60;1798.00;1765.80;1773.20;1773.20;331
Jun 30, 2020;1777.30;1793.20;1774.40;1793.00;1793.00;986
Jun 29, 2020;1779.80;1780.20;1774.30;1774.80;1774.80;584
Jun 26, 2020;1766.00;1772.50;1764.70;1772.50;1772.50;640
Jun 25, 2020;1761.70;1764.80;1759.80;1762.10;1762.10;207
Jun 24, 2020;1778.30;1783.10;1764.50;1765.80;1765.80;961
Jun 23, 2020;1755.40;1776.30;1754.20;1772.10;1772.10;666
Jun 22, 2020;1755.20;1767.60;1750.50;1756.70;1756.70;1356
Jun 19, 2020;1723.70;1750.70;1723.50;1745.90;1745.90;1329
Jun 18, 2020;1730.50;1734.10;1717.30;1724.80;1724.80;110
Jun 17, 2020;1714.70;1729.20;1714.70;1729.20;1729.20;51
Jun 16, 2020;1726.30;1729.60;1722.40;1729.60;1729.60;22
Jun 15, 2020;1730.00;1730.00;1703.30;1720.30;1720.30;188
Jun 12, 2020;1724.90;1743.00;1724.90;1729.30;1729.30;318
Jun 11, 2020;1737.20;1744.10;1720.00;1732.00;1732.00;347
Jun 10, 2020;1716.10;1740.80;1711.90;1713.30;1713.30;718
Jun 09, 2020;1694.60;1720.90;1692.00;1714.70;1714.70;690
Jun 08, 2020;1679.10;1699.40;1675.90;1698.30;1698.30;587
Jun 05, 2020;1711.80;1711.80;1668.60;1676.20;1676.20;1502
Jun 04, 2020;1694.50;1718.90;1694.50;1718.90;1718.90;807
Jun 03, 2020;1726.30;1726.30;1684.50;1697.80;1697.80;2755
Jun 02, 2020;1743.00;1745.50;1721.80;1725.20;1725.20;741
Jun 01, 2020;1740.40;1747.00;1727.10;1737.80;1737.80;871
May 29, 2020;1718.80;1738.30;1715.10;1736.90;1736.90;1526
May 28, 2020;1709.30;1727.80;1705.00;1713.30;1713.30;23,355
May 27, 2020;1685.60;1710.30;1685.60;1710.30;1710.30;137,416
May 26, 2020;1726.40;1726.40;1704.80;1704.80;1704.80;39
May 22, 2020;1726.60;1734.60;1726.60;1734.60;1734.60;6
May 21, 2020;1746.80;1746.80;1720.50;1720.50;1720.50;528
May 20, 2020;1751.60;1752.10;1745.60;1750.60;1750.60;16
May 19, 2020;1744.20;1749.50;1744.20;1744.20;1744.20;167
May 18, 2020;1755.70;1770.50;1731.80;1731.80;1731.80;229
May 15, 2020;1739.70;1753.40;1739.70;1753.40;1753.40;719
May 14, 2020;1724.30;1743.10;1720.50;1738.10;1738.10;672
May 13, 2020;1702.00;1721.30;1701.90;1713.90;1713.90;431
May 12, 2020;1699.30;1713.10;1699.30;1704.40;1704.40;324
May 11, 2020;1702.30;1704.50;1690.20;1695.30;1695.30;749
May 08, 2020;1726.20;1728.90;1703.80;1709.90;1709.90;330
May 07, 2020;1686.20;1721.80;1685.60;1721.80;1721.80;853
May 06, 2020;1704.00;1704.00;1684.20;1684.20;1684.20;469
May 05, 2020;1701.50;1704.40;1697.20;1704.40;1704.40;82
May 04, 2020;1702.60;1709.00;1699.60;1706.90;1706.90;320
May 01, 2020;1686.60;1701.50;1670.50;1694.50;1694.50;337
Apr 30, 2020;1719.30;1719.30;1680.80;1684.20;1684.20;327
Apr 29, 2020;1710.00;1713.50;1702.00;1703.40;1703.40;373
Apr 28, 2020;1716.60;1716.60;1707.10;1710.50;1710.50;1255
Apr 27, 2020;1731.90;1731.90;1711.90;1711.90;1711.90;169
Apr 24, 2020;1744.00;1744.00;1714.50;1723.50;1723.50;221
Apr 23, 2020;1734.00;1745.10;1733.30;1733.30;1733.30;482
Apr 22, 2020;1696.00;1728.70;1684.80;1728.70;1728.70;453
Apr 21, 2020;1697.00;1707.10;1659.90;1678.20;1678.20;666
Apr 20, 2020;1686.00;1701.60;1680.00;1701.60;1701.60;106
Apr 17, 2020;1715.70;1725.00;1684.90;1689.20;1689.20;223
Apr 16, 2020;1731.00;1750.60;1715.00;1720.40;1720.40;162
Apr 15, 2020;1739.40;1744.90;1722.70;1727.20;1727.20;642
Apr 14, 2020;1756.80;1775.00;1739.50;1756.70;1756.70;675
Apr 13, 2020;1722.00;1756.80;1710.70;1744.80;1744.80;696
Apr 09, 2020;1662.70;1736.20;1662.70;1736.20;1736.20;825
Apr 08, 2020;1669.70;1677.00;1662.50;1665.40;1665.40;747
Apr 07, 2020;1695.70;1724.40;1658.00;1664.80;1664.80;1144
Apr 06, 2020;1629.10;1696.70;1625.90;1677.00;1677.00;1063
Apr 03, 2020;1624.50;1636.00;1619.80;1633.70;1633.70;643
Apr 02, 2020;1590.90;1631.20;1586.00;1625.70;1625.70;1294
Apr 01, 2020;1570.00;1600.00;1570.00;1578.20;1578.20;2158
Mar 31, 2020;1618.70;1621.00;1576.00;1583.40;1583.40;2874
Mar 30, 2020;1641.20;1652.80;1607.20;1622.00;1622.00;16,389
Mar 27, 2020;1623.90;1623.90;1623.90;1623.90;1623.90;100,638
Mar 26, 2020;1660.50;1660.50;1650.10;1650.10;1650.10;3
Mar 25, 2020;1676.50;1676.50;1631.10;1632.30;1632.30;476
Mar 24, 2020;1592.70;1685.50;1592.70;1660.20;1660.20;442
Mar 23, 2020;1505.30;1567.00;1490.20;1567.00;1567.00;51
Mar 20, 2020;1483.50;1484.00;1483.50;1484.00;1484.00;14
Mar 19, 2020;1481.50;1491.60;1471.00;1478.60;1478.60;262
Mar 18, 2020;1537.50;1542.00;1477.30;1477.30;1477.30;333
Mar 17, 2020;1469.30;1537.70;1469.30;1524.90;1524.90;122
Mar 16, 2020;1569.10;1569.10;1452.10;1485.90;1485.90;193
Mar 13, 2020;1574.90;1589.80;1513.80;1515.70;1515.70;89
Mar 12, 2020;1637.00;1647.50;1566.40;1589.30;1589.30;256
Mar 11, 2020;1656.60;1666.50;1635.00;1641.40;1641.40;47
Mar 10, 2020;1671.60;1674.60;1643.00;1659.10;1659.10;48
Mar 09, 2020;1696.10;1701.60;1657.70;1674.50;1674.50;161
Mar 06, 2020;1670.80;1686.20;1647.20;1670.80;1670.80;175
Mar 05, 2020;1637.30;1672.90;1637.20;1666.40;1666.40;154
Mar 04, 2020;1645.40;1645.90;1631.30;1641.10;1641.10;83
Mar 03, 2020;1594.50;1645.30;1594.00;1642.10;1642.10;610
Mar 02, 2020;1583.90;1608.30;1574.30;1592.30;1592.30;537
Feb 28, 2020;1640.30;1642.50;1564.10;1564.10;1564.10;289
Feb 27, 2020;1641.10;1658.00;1638.50;1640.00;1640.00;707
Feb 26, 2020;1644.00;1648.10;1636.40;1640.00;1640.00;1990
Feb 25, 2020;1645.10;1653.70;1632.30;1646.90;1646.90;409
Feb 24, 2020;1657.00;1686.60;1650.00;1672.40;1672.40;435
Feb 21, 2020;1619.30;1645.00;1619.30;1644.60;1644.60;186
Feb 20, 2020;1606.50;1621.00;1603.00;1616.60;1616.60;117
Feb 19, 2020;1600.60;1610.50;1599.70;1607.50;1607.50;542
Feb 18, 2020;1579.80;1604.30;1579.80;1600.00;1600.00;310
Feb 14, 2020;1575.80;1582.70;1574.80;1582.70;1582.70;68
Feb 13, 2020;1570.20;1575.10;1570.20;1575.10;1575.10;74
Feb 12, 2020;1565.20;1568.70;1561.00;1567.40;1567.40;36
Feb 11, 2020;1570.90;1571.10;1561.90;1565.60;1565.60;440
Feb 10, 2020;1569.30;1574.70;1568.60;1574.70;1574.70;128
Feb 07, 2020;1564.90;1571.90;1560.50;1568.60;1568.60;431
Feb 06, 2020;1553.60;1565.60;1551.60;1565.10;1565.10;110
Feb 05, 2020;1553.20;1560.70;1547.70;1557.80;1557.80;1305
Feb 04, 2020;1577.70;1577.70;1547.80;1550.40;1550.40;978
Feb 03, 2020;1592.90;1593.30;1568.20;1577.20;1577.20;1062
Jan 31, 2020;1573.40;1589.00;1570.00;1582.90;1582.90;1095
Jan 30, 2020;1576.80;1585.00;1571.40;1583.50;1583.50;62,336
Jan 29, 2020;1569.80;1569.80;1569.80;1569.80;1569.80;251274
Jan 28, 2020;1576.40;1576.40;1569.20;1569.20;1569.20;3
Jan 27, 2020;1584.30;1584.50;1576.80;1576.80;1576.80;22
Jan 24, 2020;1556.30;1571.10;1556.30;1571.10;1571.10;43
Jan 23, 2020;1553.10;1564.60;1552.20;1564.60;1564.60;15
Jan 22, 2020;1549.80;1557.10;1549.80;1555.30;1555.30;42
Jan 21, 2020;1559.30;1566.20;1551.00;1556.40;1556.40;45
Jan 17, 2020;1554.10;1558.80;1553.60;1558.80;1558.80;108
Jan 16, 2020;1555.70;1556.10;1548.50;1549.00;1549.00;98
Jan 15, 2020;1548.00;1553.90;1545.60;1552.10;1552.10;11
Jan 14, 2020;1546.70;1546.70;1534.90;1542.40;1542.40;32
Jan 13, 2020;1557.40;1558.00;1548.40;1548.40;1548.40;48
Jan 10, 2020;1551.20;1558.80;1545.40;1557.50;1557.50;16
Jan 09, 2020;1555.70;1555.70;1543.30;1551.70;1551.70;54
Jan 08, 2020;1579.70;1604.20;1552.30;1557.40;1557.40;236
Jan 07, 2020;1558.30;1576.30;1558.30;1571.80;1571.80;47
Jan 06, 2020;1580.00;1580.00;1560.40;1566.20;1566.20;416
Jan 03, 2020;1530.10;1552.70;1530.10;1549.20;1549.20;107
Jan 02, 2020;1518.10;1528.70;1518.00;1524.50;1524.50;214
Dec 31, 2019;1513.80;1523.40;1513.80;1519.50;1519.50;301
Dec 30, 2019;1512.60;1515.10;1510.00;1514.50;1514.50;446
Dec 27, 2019;1513.80;1513.80;1513.80;1513.80;1513.80;839
Dec 26, 2019;1505.20;1512.30;1505.00;1509.30;1509.30;126
Dec 24, 2019;;;;;;
Dec 23, 2019;1482.30;1482.50;1479.90;1482.50;1482.50;391
Dec 20, 2019;1476.70;1478.10;1474.70;1474.70;1474.70;118
Dec 19, 2019;1475.90;1478.90;1473.30;1478.20;1478.20;319
Dec 18, 2019;1472.60;1472.60;1472.60;1472.60;1472.60;250
Dec 17, 2019;1474.10;1476.90;1474.00;1474.60;1474.60;410
Dec 16, 2019;1473.80;1475.30;1473.80;1475.00;1475.00;99
Dec 13, 2019;1463.10;1475.90;1463.10;1475.60;1475.60;468
Dec 12, 2019;1475.10;1483.90;1463.70;1466.70;1466.70;955
Dec 11, 2019;1463.10;1475.40;1463.10;1469.40;1469.40;393
Dec 10, 2019;1460.70;1467.20;1460.70;1462.60;1462.60;367
Dec 09, 2019;1458.80;1464.20;1458.60;1459.30;1459.30;1461
Dec 06, 2019;1475.00;1476.00;1458.20;1459.10;1459.10;899
Dec 05, 2019;1474.70;1478.00;1472.30;1476.90;1476.90;907
Dec 04, 2019;1477.50;1483.40;1471.20;1474.00;1474.00;613
Dec 03, 2019;1461.60;1480.40;1459.50;1478.20;1478.20;1460
Dec 02, 2019;1462.80;1464.40;1453.30;1462.30;1462.30;2172
Nov 29, 2019;;;;;;
Nov 27, 2019;1461.10;1461.90;1452.00;1453.40;1453.40;88,364
Nov 26, 2019;1459.80;1459.80;1459.80;1459.80;1459.80;346,362
Nov 25, 2019;1457.10;1457.10;1455.50;1456.60;1456.60;14
Nov 22, 2019;1468.60;1468.60;1463.10;1463.10;1463.10;19
Nov 21, 2019;1463.10;1463.10;1463.10;1463.10;1463.10;16
Nov 20, 2019;1472.60;1474.50;1467.30;1473.30;1473.30;31
Nov 19, 2019;1467.70;1474.30;1467.70;1473.30;1473.30;18
Nov 18, 2019;1472.00;1472.00;1469.70;1470.90;1470.90;141
Nov 15, 2019;1469.10;1469.10;1467.30;1467.30;1467.30;13
Nov 14, 2019;1463.80;1471.80;1463.70;1471.80;1471.80;83
Nov 13, 2019;1456.80;1463.30;1456.80;1461.70;1461.70;56
Nov 12, 2019;1454.90;1454.90;1447.10;1452.10;1452.10;6
Nov 11, 2019;1461.00;1461.00;1449.30;1455.50;1455.50;22
Nov 08, 2019;1469.10;1469.10;1461.30;1461.30;1461.30;21
Nov 07, 2019;1489.10;1489.10;1464.20;1464.20;1464.20;581
Nov 06, 2019;1483.20;1491.00;1483.20;1490.20;1490.20;567
Nov 05, 2019;1507.10;1507.10;1480.80;1480.80;1480.80;31
Nov 04, 2019;1511.60;1511.60;1508.00;1508.00;1508.00;101
Nov 01, 2019;1511.00;1511.60;1503.00;1508.00;1508.00;235
Oct 31, 2019;1496.10;1513.10;1496.10;1511.40;1511.40;210
Oct 30, 2019;1487.20;1495.40;1481.00;1493.20;1493.20;320
Oct 29, 2019;1485.90;1487.00;1485.90;1487.00;1487.00;425
Oct 28, 2019;1504.10;1504.10;1490.00;1490.00;1490.00;37
Oct 25, 2019;1501.40;1514.30;1499.00;1499.50;1499.50;93
Oct 24, 2019;1490.50;1501.20;1485.90;1498.90;1498.90;115
Oct 23, 2019;1486.40;1490.30;1486.40;1489.90;1489.90;67
Oct 22, 2019;1483.40;1483.50;1481.70;1481.70;1481.70;99
Oct 21, 2019;1489.90;1489.90;1481.50;1482.40;1482.40;72
Oct 18, 2019;1487.30;1489.10;1486.60;1488.20;1488.20;82
Oct 17, 2019;1486.20;1493.20;1485.80;1492.30;1492.30;271
Oct 16, 2019;1482.00;1488.00;1480.00;1488.00;1488.00;383
Oct 15, 2019;1488.90;1495.40;1476.60;1477.60;1477.60;367
Oct 14, 2019;1484.40;1493.50;1481.30;1491.70;1491.70;400
Oct 11, 2019;1491.90;1494.90;1476.90;1482.70;1482.70;57
Oct 10, 2019;1511.20;1511.20;1490.60;1494.80;1494.80;78
Oct 09, 2019;1507.70;1507.70;1498.40;1506.10;1506.10;120
Oct 08, 2019;1489.40;1506.30;1489.30;1497.20;1497.20;46
Oct 07, 2019;1504.80;1505.80;1489.10;1497.70;1497.70;121
Oct 04, 2019;1505.60;1508.70;1497.10;1506.20;1506.20;233
Oct 03, 2019;1497.40;1518.20;1496.60;1507.10;1507.10;1213
Oct 02, 2019;1476.60;1503.70;1474.10;1501.00;1501.00;205
Oct 01, 2019;1468.70;1485.50;1458.30;1482.00;1482.00;219
Sep 30, 2019;1495.90;1495.90;1463.50;1465.70;1465.70;1078
Sep 27, 2019;1504.20;1506.10;1485.60;1499.10;1499.10;7,827
Sep 26, 2019;1507.50;1507.50;1507.50;1507.50;1507.50;8,178
Sep 25, 2019;1527.60;1527.90;1504.60;1504.60;1504.60;25
Sep 24, 2019;1515.10;1533.00;1515.10;1532.10;1532.10;25
Sep 23, 2019;1515.50;1523.70;1515.50;1523.70;1523.70;5
Sep 20, 2019;1503.00;1507.30;1503.00;1507.30;1507.30;2
Sep 19, 2019;1496.10;1502.40;1496.10;1498.40;1498.40;10
Sep 18, 2019;1508.90;1509.40;1489.30;1507.50;1507.50;8
Sep 17, 2019;1497.90;1505.10;1497.90;1505.10;1505.10;3
Sep 16, 2019;1506.60;1506.80;1496.90;1503.10;1503.10;21
Sep 13, 2019;1490.90;1490.90;1486.90;1490.90;1490.90;1
Sep 12, 2019;1499.50;1515.40;1498.70;1498.70;1498.70;27
Sep 11, 2019;1491.70;1496.60;1490.20;1494.40;1494.40;8
Sep 10, 2019;1498.50;1498.50;1486.90;1490.30;1490.30;23
Sep 09, 2019;1509.00;1513.00;1498.00;1502.20;1502.20;69
Sep 06, 2019;1517.30;1526.00;1504.50;1506.20;1506.20;54
Sep 05, 2019;1551.00;1551.10;1511.10;1515.40;1515.40;125
Sep 04, 2019;1549.00;1553.20;1534.80;1550.30;1550.30;46
Sep 03, 2019;1522.90;1547.30;1521.00;1545.90;1545.90;139
Aug 30, 2019;1524.60;1530.40;1516.70;1519.10;1519.10;276
Aug 29, 2019;1537.50;1549.30;1519.60;1526.50;1526.50;704
Aug 28, 2019;1538.10;1538.10;1537.80;1537.80;1537.80;2756
Aug 27, 2019;1530.50;1542.10;1528.50;1541.00;1541.00;166
Aug 26, 2019;1543.20;1543.30;1524.30;1526.30;1526.30;334
Aug 23, 2019;1493.50;1527.60;1493.50;1526.60;1526.60;983
Aug 22, 2019;1495.10;1497.30;1493.80;1497.30;1497.30;686
Aug 21, 2019;1504.90;1505.00;1498.80;1504.60;1504.60;350
Aug 20, 2019;1497.50;1506.10;1497.50;1504.60;1504.60;486
Aug 19, 2019;1507.20;1507.60;1492.90;1500.40;1500.40;205
Aug 16, 2019;1524.60;1524.60;1504.70;1512.50;1512.50;1815
Aug 15, 2019;1519.80;1522.70;1510.60;1519.60;1519.60;87
Aug 14, 2019;1500.00;1520.50;1497.00;1515.90;1515.90;328
Aug 13, 2019;1510.40;1531.40;1483.70;1502.20;1502.20;672
Aug 12, 2019;1496.00;1514.90;1488.10;1505.30;1505.30;257
Aug 09, 2019;1506.20;1507.50;1495.60;1496.60;1496.60;74
Aug 08, 2019;1498.40;1508.50;1492.00;1497.70;1497.70;367
Aug 07, 2019;1473.50;1509.90;1473.20;1507.30;1507.30;824
Aug 06, 2019;1469.70;1475.00;1457.70;1472.40;1472.40;460
Aug 05, 2019;1440.40;1469.70;1440.40;1464.60;1464.60;1008
Aug 02, 2019;1448.00;1448.00;1432.30;1445.60;1445.60;1873
Aug 01, 2019;1411.30;1445.20;1400.90;1420.90;1420.90;2431
Jul 31, 2019;1431.30;1435.80;1411.20;1426.10;1426.10;3,294
Jul 30, 2019;1426.30;1433.90;1422.10;1429.70;1429.70;73,874
Jul 29, 2019;1419.60;1419.60;1419.60;1419.60;1419.60;224,267
Jul 26, 2019;1422.80;1423.00;1418.50;1418.50;1418.50;5
Jul 25, 2019;1413.90;1413.90;1413.90;1413.90;1413.90;4
Jul 24, 2019;1422.80;1422.80;1422.80;1422.80;1422.80;20
Jul 23, 2019;1418.60;1421.30;1416.30;1420.10;1420.10;5
Jul 22, 2019;1425.30;1425.30;1424.00;1425.30;1425.30;1
Jul 19, 2019;1440.50;1442.00;1425.10;1425.10;1425.10;22
Jul 18, 2019;1422.30;1444.20;1419.50;1426.10;1426.10;66
Jul 17, 2019;1404.60;1421.30;1404.60;1421.30;1421.30;6
Jul 16, 2019;1413.60;1413.70;1405.00;1409.20;1409.20;13
Jul 15, 2019;1414.40;1415.00;1411.40;1411.40;1411.40;25
Jul 12, 2019;1405.60;1410.10;1405.60;1409.90;1409.90;8
Jul 11, 2019;1424.00;1424.00;1404.30;1404.30;1404.30;6
Jul 10, 2019;1409.90;1410.10;1409.90;1410.10;1410.10;50
Jul 09, 2019;1394.50;1397.50;1386.20;1397.50;1397.50;53
Jul 08, 2019;1395.90;1397.00;1393.60;1397.00;1397.00;14
Jul 05, 2019;1418.30;1418.30;1390.20;1396.70;1396.70;20
Jul 03, 2019;;;;;;
Jul 02, 2019;1391.10;1418.40;1390.80;1404.60;1404.60;38
Jul 01, 2019;1386.60;1395.80;1382.80;1385.60;1385.60;214
Jun 28, 2019;1408.30;1422.00;1408.30;1409.70;1409.70;356
Jun 27, 2019;1407.00;1410.80;1399.80;1408.40;1408.40;437
Jun 26, 2019;1407.20;1413.30;1405.80;1411.60;1411.60;1333
Jun 25, 2019;1418.10;1433.30;1414.90;1414.90;1414.90;105
Jun 24, 2019;1406.00;1420.60;1402.10;1414.30;1414.30;125
Jun 21, 2019;1406.00;1406.00;1390.30;1396.20;1396.20;35
Jun 20, 2019;1381.50;1392.90;1379.50;1392.90;1392.90;76
Jun 19, 2019;1344.00;1344.60;1344.00;1344.60;1344.60;129
Jun 18, 2019;1349.30;1349.30;1341.60;1346.60;1346.60;29
Jun 17, 2019;1339.00;1340.30;1335.00;1338.70;1338.70;76
Jun 14, 2019;1345.40;1355.40;1339.30;1340.10;1340.10;914
Jun 13, 2019;1331.60;1341.10;1331.60;1339.20;1339.20;157
Jun 12, 2019;1326.90;1334.50;1326.90;1331.90;1331.90;139
Jun 11, 2019;1328.40;1328.40;1319.10;1326.40;1326.40;201
Jun 10, 2019;1335.80;1336.50;1324.10;1324.70;1324.70;268
Jun 07, 2019;1333.10;1347.70;1329.80;1341.20;1341.20;240
Jun 06, 2019;1330.80;1338.70;1326.20;1337.60;1337.60;161
Jun 05, 2019;1328.90;1343.30;1326.30;1328.30;1328.30;622
Jun 04, 2019;1324.30;1328.60;1320.80;1323.40;1323.40;302
Jun 03, 2019;1307.00;1327.80;1307.00;1322.70;1322.70;812
May 31, 2019;1287.70;1306.40;1287.50;1305.80;1305.80;2814
May 30, 2019;1279.40;1288.30;1273.90;1287.10;1287.10;55,573
May 29, 2019;1280.60;1280.60;1280.60;1280.60;1280.60;189,694
May 28, 2019;1276.50;1276.50;1276.50;1276.50;1276.50;
May 24, 2019;1283.00;1283.00;1283.00;1283.00;1283.00;9
May 23, 2019;1284.80;1284.80;1284.80;1284.80;1284.80;
May 22, 2019;1273.60;1273.60;1273.60;1273.60;1273.60;
May 21, 2019;1272.00;1272.00;1272.00;1272.00;1272.00;
May 20, 2019;1276.10;1276.10;1276.10;1276.10;1276.10;20
May 17, 2019;1280.00;1280.00;1274.50;1274.50;1274.50;1
May 16, 2019;1285.20;1285.40;1285.00;1285.00;1285.00;3
May 15, 2019;1296.90;1296.90;1296.00;1296.30;1296.30;55
May 14, 2019;1297.80;1297.80;1294.70;1294.70;1294.70;6
May 13, 2019;1286.70;1300.10;1281.80;1300.10;1300.10;56
May 10, 2019;1285.40;1286.50;1283.30;1285.70;1285.70;6
May 09, 2019;1278.90;1285.00;1278.80;1283.50;1283.50;38
May 08, 2019;1279.40;1279.40;1279.40;1279.40;1279.40;5
May 07, 2019;1280.50;1283.50;1280.50;1283.50;1283.50;8
May 06, 2019;1282.20;1282.20;1280.30;1281.70;1281.70;12
May 03, 2019;1270.10;1279.20;1270.10;1279.20;1279.20;15
May 02, 2019;1269.20;1270.80;1266.60;1269.70;1269.70;63
May 01, 2019;1278.70;1283.30;1278.70;1281.40;1281.40;70
Apr 30, 2019;1281.70;1283.30;1280.80;1282.80;1282.80;114
Apr 29, 2019;1284.80;1284.90;1277.10;1278.60;1278.60;568
Apr 26, 2019;1284.90;1284.90;1284.90;1284.90;1284.90;804
Apr 25, 2019;1280.60;1280.80;1275.80;1275.80;1275.80;95
Apr 24, 2019;1268.40;1275.50;1267.80;1275.50;1275.50;518
Apr 23, 2019;1266.40;1269.80;1266.00;1269.30;1269.30;206
Apr 22, 2019;1273.50;1273.50;1273.50;1273.50;1273.50;147
Apr 18, 2019;1270.80;1273.60;1270.10;1271.90;1271.90;27
Apr 17, 2019;1273.50;1273.50;1271.60;1272.20;1272.20;308
Apr 16, 2019;1285.20;1285.20;1272.20;1272.60;1272.60;643
Apr 15, 2019;1284.80;1287.30;1282.30;1286.80;1286.80;523
Apr 12, 2019;1293.40;1293.40;1289.20;1290.60;1290.60;607
Apr 11, 2019;1307.00;1307.10;1288.60;1288.60;1288.60;420
Apr 10, 2019;1304.00;1309.10;1301.50;1309.10;1309.10;66
Apr 09, 2019;1298.50;1304.90;1298.50;1303.50;1303.50;30
Apr 08, 2019;1292.20;1302.10;1291.80;1297.10;1297.10;63
Apr 05, 2019;1292.00;1292.00;1283.60;1290.40;1290.40;181
Apr 04, 2019;1290.60;1292.60;1279.50;1289.00;1289.00;269
Apr 03, 2019;1291.40;1293.10;1287.50;1289.90;1289.90;172
Apr 02, 2019;1286.30;1290.90;1284.50;1290.00;1290.00;525
Apr 01, 2019;1291.80;1295.90;1285.70;1288.40;1288.40;675
Mar 29, 2019;1289.60;1298.50;1286.10;1293.00;1293.00;1265
Mar 28, 2019;1308.40;1311.10;1287.70;1289.80;1289.80;87,798
Mar 27, 2019;1309.90;1309.90;1309.90;1309.90;1309.90;206,263
Mar 26, 2019;1315.60;1315.60;1314.30;1314.30;1314.30;1
Mar 25, 2019;1320.70;1322.90;1320.70;1321.90;1321.90;19
Mar 22, 2019;1311.60;1311.60;1311.60;1311.60;1311.60;
Mar 21, 2019;1306.10;1306.10;1306.10;1306.10;1306.10;
Mar 20, 2019;1300.70;1300.70;1300.50;1300.50;1300.50;2
Mar 19, 2019;1306.90;1306.90;1304.80;1305.00;1305.00;20
Mar 18, 2019;1297.30;1302.20;1297.30;1300.30;1300.30;8
Mar 15, 2019;1300.90;1304.70;1300.50;1301.80;1301.80;26
Mar 14, 2019;1293.40;1293.40;1293.40;1293.40;1293.40;1
Mar 13, 2019;1307.50;1307.50;1307.50;1307.50;1307.50;
Mar 12, 2019;1294.70;1296.30;1294.70;1296.30;1296.30;1
Mar 11, 2019;1291.00;1291.00;1288.80;1288.80;1288.80;9
Mar 08, 2019;1292.10;1297.40;1291.60;1297.00;1297.00;10
Mar 07, 2019;1281.00;1284.60;1281.00;1283.80;1283.80;11
Mar 06, 2019;1287.10;1287.10;1282.60;1284.90;1284.90;14
Mar 05, 2019;1287.00;1287.00;1282.00;1282.00;1282.00;114
Mar 04, 2019;1285.50;1287.00;1281.90;1284.80;1284.80;28
Mar 01, 2019;1312.20;1312.20;1288.90;1296.40;1296.40;110
Feb 28, 2019;1321.10;1323.70;1311.50;1312.80;1312.80;141
Feb 27, 2019;1327.70;1327.90;1316.50;1317.70;1317.70;604
Feb 26, 2019;1323.30;1325.50;1323.30;1325.10;1325.10;939
Feb 25, 2019;1329.20;1331.60;1325.60;1325.90;1325.90;185
Feb 22, 2019;1324.20;1331.30;1321.00;1329.20;1329.20;718
Feb 21, 2019;1331.30;1334.90;1320.90;1323.50;1323.50;414
Feb 20, 2019;1342.20;1344.00;1338.00;1343.30;1343.30;581
Feb 19, 2019;1320.90;1340.10;1320.50;1340.10;1340.10;390
Feb 15, 2019;1313.60;1318.80;1313.60;1318.10;1318.10;190
Feb 14, 2019;1305.00;1311.80;1301.60;1309.80;1309.80;858
Feb 13, 2019;1311.60;1316.00;1308.10;1310.80;1310.80;143
Feb 12, 2019;1310.00;1312.00;1307.60;1309.20;1309.20;109
Feb 11, 2019;1313.40;1313.40;1304.70;1307.00;1307.00;119
Feb 08, 2019;1309.50;1314.00;1307.80;1313.70;1313.70;122
Feb 07, 2019;1302.90;1310.40;1302.20;1309.40;1309.40;203
Feb 06, 2019;1312.50;1313.50;1305.00;1309.50;1309.50;358
Feb 05, 2019;1311.10;1315.10;1311.00;1314.20;1314.20;362
Feb 04, 2019;1318.10;1318.10;1308.30;1314.30;1314.30;675
Feb 01, 2019;1320.30;1320.70;1315.40;1316.90;1316.90;878
Jan 31, 2019;1320.00;1325.40;1316.70;1319.70;1319.70;1970
Jan 30, 2019;1310.40;1323.40;1308.10;1309.90;1309.90;54,958
Jan 29, 2019;1308.20;1308.20;1308.20;1308.20;1308.20;213,607
Jan 28, 2019;1300.80;1307.10;1298.40;1302.40;1302.40;54
Jan 25, 2019;1297.40;1297.40;1297.40;1297.40;1297.40;
Jan 24, 2019;1279.10;1279.10;1278.50;1279.10;1279.10;1
Jan 23, 2019;1281.70;1283.90;1278.70;1283.10;1283.10;14
Jan 22, 2019;1282.50;1283.30;1282.50;1282.50;1282.50;7
Jan 18, 2019;1281.30;1281.30;1281.30;1281.30;1281.30;3
Jan 17, 2019;1291.60;1292.70;1288.50;1291.00;1291.00;10
Jan 16, 2019;1291.60;1291.60;1291.60;1291.60;1291.60;2
Jan 15, 2019;1290.10;1292.70;1286.20;1286.20;1286.20;3
Jan 14, 2019;1292.40;1293.90;1289.10;1289.10;1289.10;7
Jan 11, 2019;1291.20;1291.20;1286.30;1287.10;1287.10;11
Jan 10, 2019;1284.70;1284.70;1284.70;1284.70;1284.70;
Jan 09, 2019;1279.40;1289.30;1279.20;1289.30;1289.30;102
Jan 08, 2019;1280.50;1283.20;1278.20;1283.20;1283.20;54
Jan 07, 2019;1286.80;1286.80;1286.60;1286.80;1286.80;2
Jan 04, 2019;1294.20;1294.20;1275.30;1282.70;1282.70;34
Jan 03, 2019;1286.80;1292.00;1286.70;1291.80;1291.80;10
Jan 02, 2019;1286.00;1286.00;1277.60;1281.00;1281.00;149
Dec 31, 2018;1278.00;1281.30;1277.60;1278.30;1278.30;19
Dec 28, 2018;1273.50;1280.10;1273.50;1279.90;1279.90;805
Dec 27, 2018;1276.70;1277.30;1276.70;1277.30;1277.30;480
Dec 26, 2018;1269.30;1277.40;1269.20;1269.20;1269.20;63
Dec 24, 2018;;;;;;
Dec 21, 2018;1260.30;1261.30;1253.80;1253.80;1253.80;96
Dec 20, 2018;1243.20;1263.60;1243.20;1263.60;1263.60;49
Dec 19, 2018;1255.80;1255.80;1252.10;1252.10;1252.10;268
Dec 18, 2018;1248.20;1249.20;1245.60;1249.20;1249.20;31
Dec 17, 2018;1239.30;1247.40;1239.30;1247.40;1247.40;10
Dec 14, 2018;1241.70;1241.70;1234.10;1237.00;1237.00;33
Dec 13, 2018;1243.50;1243.50;1241.00;1242.70;1242.70;194
Dec 12, 2018;1245.30;1245.60;1244.10;1244.40;1244.40;84
Dec 11, 2018;1245.80;1248.70;1241.50;1241.90;1241.90;117
Dec 10, 2018;1249.60;1249.60;1241.70;1243.70;1243.70;131
Dec 07, 2018;1238.30;1249.80;1237.60;1246.80;1246.80;211
Dec 06, 2018;1237.50;1244.40;1234.80;1238.10;1238.10;434
Dec 04, 2018;1231.00;1241.40;1230.40;1241.10;1241.10;474
Dec 03, 2018;1222.50;1234.10;1221.30;1233.90;1233.90;751
Nov 30, 2018;1224.10;1225.00;1216.10;1220.20;1220.20;2060
Nov 29, 2018;1221.00;1228.70;1220.50;1224.10;1224.10;55,478
Nov 28, 2018;1211.50;1221.40;1211.50;1221.40;1221.40;247,168
Nov 27, 2018;1221.90;1222.00;1211.20;1211.20;1211.20;5
Nov 26, 2018;1220.20;1222.00;1220.20;1220.20;1220.20;2
Nov 23, 2018;;;;;;
Nov 21, 2018;1225.80;1225.80;1225.80;1225.80;1225.80;
Nov 20, 2018;1225.30;1228.80;1219.00;1219.00;1219.00;12
Nov 19, 2018;1223.10;1223.10;1223.10;1223.10;1223.10;
Nov 16, 2018;1216.70;1223.80;1216.70;1220.80;1220.80;5
Nov 15, 2018;1212.80;1212.80;1212.80;1212.80;1212.80;
Nov 14, 2018;1207.90;1207.90;1207.90;1207.90;1207.90;
Nov 13, 2018;1196.30;1201.30;1196.30;1199.20;1199.20;5
Nov 12, 2018;1201.60;1201.60;1201.30;1201.30;1201.30;1
Nov 09, 2018;1207.90;1207.90;1206.40;1206.40;1206.40;14
Nov 08, 2018;1222.90;1222.90;1222.90;1222.90;1222.90;2
Nov 07, 2018;1228.60;1228.60;1226.20;1226.20;1226.20;1
Nov 06, 2018;1230.70;1233.80;1223.80;1223.80;1223.80;4
Nov 05, 2018;1230.60;1231.50;1226.70;1229.80;1229.80;15
Nov 02, 2018;1233.30;1233.30;1230.90;1230.90;1230.90;18
Nov 01, 2018;1215.40;1236.00;1215.40;1236.00;1236.00;14
Oct 31, 2018;1216.00;1216.60;1212.00;1212.30;1212.30;121
Oct 30, 2018;1227.70;1227.70;1219.80;1222.60;1222.60;72
Oct 29, 2018;1224.50;1224.50;1224.50;1224.50;1224.50;214
Oct 26, 2018;1234.30;1234.80;1232.50;1232.50;1232.50;20
Oct 25, 2018;1238.60;1238.60;1229.10;1229.10;1229.10;7
Oct 24, 2018;1231.60;1231.60;1227.80;1227.80;1227.80;36
Oct 23, 2018;1224.80;1237.80;1224.80;1233.40;1233.40;33
Oct 22, 2018;1224.50;1224.50;1219.60;1221.20;1221.20;18
Oct 19, 2018;1225.30;1225.30;1225.30;1225.30;1225.30;55
Oct 18, 2018;1226.50;1226.50;1226.50;1226.50;1226.50;165
Oct 17, 2018;1225.90;1225.90;1223.70;1223.70;1223.70;1
Oct 16, 2018;1227.10;1230.50;1227.10;1227.30;1227.30;426
Oct 15, 2018;1222.40;1232.30;1222.40;1226.40;1226.40;136
Oct 12, 2018;1221.60;1221.60;1216.00;1218.10;1218.10;122
Oct 11, 2018;1198.10;1224.60;1196.30;1223.50;1223.50;126
Oct 10, 2018;1189.30;1192.00;1189.30;1189.30;1189.30;1078
Oct 09, 2018;1185.60;1189.10;1185.60;1187.20;1187.20;9
Oct 08, 2018;1201.00;1201.00;1183.70;1184.40;1184.40;250
Oct 05, 2018;1197.10;1205.30;1196.90;1201.20;1201.20;34
Oct 04, 2018;1199.30;1204.60;1197.20;1197.20;1197.20;496
Oct 03, 2018;1202.60;1202.60;1196.60;1198.30;1198.30;76
Oct 02, 2018;1193.00;1206.00;1190.30;1202.40;1202.40;451
Oct 01, 2018;1191.60;1191.60;1185.80;1187.10;1187.10;180
Sep 28, 2018;1181.70;1191.90;1180.00;1191.50;1191.50;404
Sep 27, 2018;1194.60;1197.30;1180.50;1182.30;1182.30;4,947
Sep 26, 2018;1194.00;1194.00;1194.00;1194.00;1194.00;17,857
Sep 25, 2018;1202.10;1202.80;1200.00;1200.00;1200.00;21
Sep 24, 2018;1199.30;1199.30;1199.30;1199.30;1199.30;
Sep 21, 2018;1196.20;1196.20;1196.20;1196.20;1196.20;
Sep 20, 2018;1206.20;1206.20;1206.20;1206.20;1206.20;
Sep 19, 2018;1202.20;1202.20;1202.20;1202.20;1202.20;
Sep 18, 2018;1198.70;1198.70;1196.80;1196.80;1196.80;2
Sep 17, 2018;1199.70;1199.70;1199.70;1199.70;1199.70;
Sep 14, 2018;1195.00;1195.00;1195.00;1195.00;1195.00;1
Sep 13, 2018;1203.40;1203.40;1200.00;1202.00;1202.00;22
Sep 12, 2018;1205.00;1205.00;1204.70;1204.70;1204.70;37
Sep 11, 2018;1190.40;1196.30;1190.40;1195.40;1195.40;21
Sep 10, 2018;1193.00;1193.00;1193.00;1193.00;1193.00;11
Sep 07, 2018;1198.30;1198.30;1193.10;1193.60;1193.60;29
Sep 06, 2018;1202.00;1202.00;1197.90;1197.90;1197.90;7
Sep 05, 2018;1192.50;1196.00;1192.50;1194.90;1194.90;21
Sep 04, 2018;1193.80;1193.80;1189.90;1192.70;1192.70;26
Aug 31, 2018;1207.10;1208.20;1199.10;1200.30;1200.30;191
Aug 30, 2018;1205.40;1205.60;1196.00;1197.70;1197.70;493
Aug 29, 2018;1205.20;1205.20;1202.40;1204.50;1204.50;817
Aug 28, 2018;1209.70;1217.00;1202.30;1207.40;1207.40;136
Aug 27, 2018;1210.30;1211.40;1205.20;1209.00;1209.00;154
Aug 24, 2018;1185.30;1208.00;1185.30;1206.30;1206.30;12
Aug 23, 2018;1189.30;1190.30;1184.90;1187.00;1187.00;95
Aug 22, 2018;1194.70;1196.30;1194.70;1196.30;1196.30;17
Aug 21, 2018;1189.80;1192.60;1189.80;1192.60;1192.60;22
Aug 20, 2018;1184.80;1190.00;1184.40;1186.80;1186.80;68
Aug 17, 2018;1174.70;1181.20;1174.70;1176.50;1176.50;66
Aug 16, 2018;1173.20;1180.20;1161.40;1176.20;1176.20;123
Aug 15, 2018;1187.80;1188.10;1174.60;1177.50;1177.50;71
Aug 14, 2018;1193.10;1197.50;1192.80;1193.00;1193.00;92
Aug 13, 2018;1207.00;1207.40;1191.30;1191.30;1191.30;78
Aug 10, 2018;1212.50;1216.40;1205.60;1211.10;1211.10;75
Aug 09, 2018;1214.50;1215.30;1211.60;1211.90;1211.90;44
Aug 08, 2018;1212.00;1215.20;1205.90;1212.60;1212.60;209
Aug 07, 2018;1207.80;1214.80;1207.80;1209.60;1209.60;715
Aug 06, 2018;1214.40;1214.40;1206.60;1208.60;1208.60;297
Aug 03, 2018;1206.50;1218.60;1205.10;1214.20;1214.20;784
Aug 02, 2018;1214.70;1219.30;1205.80;1210.60;1210.60;411
Aug 01, 2018;1222.90;1223.70;1214.40;1217.90;1217.90;1026
Jul 31, 2018;1220.40;1228.10;1213.00;1223.70;1223.70;2722
Jul 30, 2018;1222.50;1223.90;1218.10;1221.30;1221.30;62,239
Jul 27, 2018;1222.60;1222.60;1222.60;1222.60;1222.60;254,428
Jul 26, 2018;1227.80;1227.80;1225.30;1225.30;1225.30;1
Jul 25, 2018;1231.40;1231.40;1231.40;1231.40;1231.40;
Jul 24, 2018;1223.90;1223.90;1223.90;1223.90;1223.90;
Jul 23, 2018;1222.00;1224.00;1222.00;1224.00;1224.00;1
Jul 20, 2018;1229.50;1229.50;1229.50;1229.50;1229.50;
Jul 19, 2018;1227.20;1228.00;1211.70;1222.40;1222.40;33
Jul 18, 2018;1226.70;1226.70;1222.20;1226.30;1226.30;67
Jul 17, 2018;1225.70;1225.70;1225.70;1225.70;1225.70;
Jul 16, 2018;1242.70;1243.80;1238.10;1238.10;1238.10;2
Jul 13, 2018;1244.70;1247.00;1239.60;1239.60;1239.60;2
Jul 12, 2018;1240.90;1246.70;1240.90;1245.00;1245.00;7
Jul 11, 2018;1253.20;1253.20;1242.80;1242.80;1242.80;30
Jul 10, 2018;1256.20;1256.90;1249.30;1253.80;1253.80;65
Jul 09, 2018;1258.20;1262.30;1257.70;1258.10;1258.10;37
Jul 06, 2018;1255.50;1255.50;1254.30;1254.30;1254.30;7
Jul 05, 2018;1255.50;1257.30;1253.60;1257.30;1257.30;9
Jul 03, 2018;;;;;;
Jul 02, 2018;1249.90;1249.90;1239.80;1239.80;1239.80;29
Jun 29, 2018;1250.30;1253.30;1249.10;1251.30;1251.30;48
Jun 28, 2018;1251.70;1251.70;1244.80;1247.80;1247.80;378
Jun 27, 2018;1255.50;1255.50;1252.30;1252.80;1252.80;1162
Jun 26, 2018;1267.20;1267.20;1256.60;1256.60;1256.60;89
Jun 25, 2018;1270.60;1271.20;1265.60;1265.60;1265.60;37
Jun 22, 2018;1268.10;1270.20;1267.00;1267.40;1267.40;74
Jun 21, 2018;1262.70;1268.90;1260.00;1267.20;1267.20;46
Jun 20, 2018;1274.40;1274.40;1271.20;1271.20;1271.20;7
Jun 19, 2018;1278.70;1281.80;1269.90;1275.60;1275.60;34
Jun 18, 2018;1280.70;1280.70;1276.20;1276.20;1276.20;35
Jun 15, 2018;1297.20;1307.70;1274.00;1274.60;1274.60;589
Jun 14, 2018;1297.20;1307.70;1297.20;1304.00;1304.00;42
Jun 13, 2018;1294.00;1299.40;1290.90;1296.90;1296.90;135
Jun 12, 2018;1297.80;1298.10;1292.70;1295.10;1295.10;153
Jun 11, 2018;1299.30;1302.00;1295.20;1298.90;1298.90;71
Jun 08, 2018;1295.30;1299.40;1294.80;1298.10;1298.10;650
Jun 07, 2018;1298.40;1302.80;1296.20;1298.70;1298.70;79
Jun 06, 2018;1296.10;1300.40;1294.10;1297.10;1297.10;373
Jun 05, 2018;1292.10;1299.80;1289.90;1297.50;1297.50;357
Jun 04, 2018;1293.90;1297.10;1290.00;1293.10;1293.10;144
Jun 01, 2018;1298.60;1299.50;1288.90;1294.80;1294.80;663
May 31, 2018;1301.00;1306.80;1296.60;1300.10;1300.10;4,082
May 30, 2018;1298.00;1303.70;1295.20;1301.50;1301.50;50,845
May 29, 2018;1298.70;1298.70;1298.70;1298.70;1298.70;386,334
May 25, 2018;1303.30;1303.30;1303.30;1303.30;1303.30;1
May 24, 2018;1303.70;1303.70;1303.70;1303.70;1303.70;
May 23, 2018;1289.30;1289.30;1289.30;1289.30;1289.30;10
May 22, 2018;1291.70;1291.70;1291.70;1291.70;1291.70;50
May 21, 2018;1287.40;1292.10;1287.40;1290.20;1290.20;52
May 18, 2018;1285.20;1290.20;1285.20;1290.20;1290.20;2
May 17, 2018;1291.30;1291.30;1288.20;1288.20;1288.20;2
May 16, 2018;1290.90;1294.00;1285.40;1290.20;1290.20;26
May 15, 2018;1304.60;1304.70;1288.90;1288.90;1288.90;8
May 14, 2018;1319.90;1319.90;1316.50;1316.50;1316.50;4
May 11, 2018;1319.00;1319.00;1319.00;1319.00;1319.00;3
May 10, 2018;1312.20;1320.80;1312.20;1320.80;1320.80;8
May 09, 2018;1311.30;1311.30;1311.30;1311.30;1311.30;70
May 08, 2018;1310.10;1312.00;1308.50;1312.00;1312.00;337
May 07, 2018;1310.60;1312.50;1310.20;1312.20;1312.20;4
May 04, 2018;1312.70;1312.70;1312.70;1312.70;1312.70;
May 03, 2018;1310.70;1310.70;1310.70;1310.70;1310.70;4
May 02, 2018;1309.00;1309.30;1302.60;1302.60;1302.60;23
May 01, 2018;1313.20;1313.80;1303.40;1303.80;1303.80;28
Apr 30, 2018;1309.60;1316.20;1309.60;1316.20;1316.20;49
Apr 27, 2018;1315.30;1321.70;1312.80;1320.30;1320.30;622
Apr 26, 2018;1315.70;1316.30;1315.70;1316.30;1316.30;569
Apr 25, 2018;1324.00;1325.00;1320.00;1321.20;1321.20;278
Apr 24, 2018;1326.40;1331.70;1326.20;1331.40;1331.40;28
Apr 23, 2018;1334.00;1334.40;1322.50;1322.50;1322.50;68
Apr 20, 2018;1342.50;1343.40;1335.30;1336.70;1336.70;310
Apr 19, 2018;1348.60;1355.20;1341.60;1346.80;1346.80;387
Apr 18, 2018;1343.50;1354.20;1343.50;1351.20;1351.20;45
Apr 17, 2018;1348.00;1348.10;1339.00;1347.20;1347.20;409
Apr 16, 2018;1341.00;1348.80;1341.00;1347.50;1347.50;60
Apr 13, 2018;1335.90;1346.00;1335.90;1344.80;1344.80;67
Apr 12, 2018;1351.20;1351.50;1334.60;1338.40;1338.40;34
Apr 11, 2018;1340.10;1365.40;1340.10;1356.50;1356.50;118
Apr 10, 2018;1335.20;1342.00;1333.00;1342.00;1342.00;105
Apr 09, 2018;1333.00;1337.50;1327.00;1336.30;1336.30;290
Apr 06, 2018;1326.50;1333.00;1319.00;1331.90;1331.90;348
Apr 05, 2018;1333.50;1333.70;1322.60;1324.30;1324.30;258
Apr 04, 2018;1331.80;1347.30;1331.60;1335.80;1335.80;718
Apr 03, 2018;1340.40;1341.50;1328.50;1332.80;1332.80;702
Apr 02, 2018;1327.00;1344.20;1324.70;1342.10;1342.10;649
Mar 29, 2018;1324.00;1327.10;1321.70;1322.80;1322.80;5,585
Mar 28, 2018;1345.00;1346.40;1322.40;1324.20;1324.20;59,284
Mar 27, 2018;1341.00;1341.30;1341.00;1341.30;1341.30;290,889
Mar 26, 2018;1348.50;1354.40;1345.10;1354.40;1354.40;10
Mar 23, 2018;1343.20;1349.30;1343.20;1349.30;1349.30;8
Mar 22, 2018;1326.60;1326.60;1326.60;1326.60;1326.60;
Mar 21, 2018;1312.40;1328.80;1312.40;1320.70;1320.70;34
Mar 20, 2018;1311.10;1311.10;1311.10;1311.10;1311.10;4
Mar 19, 2018;1309.40;1316.90;1307.30;1316.80;1316.80;6
Mar 16, 2018;1310.10;1311.30;1310.10;1311.30;1311.30;34
Mar 15, 2018;1316.80;1316.80;1316.80;1316.80;1316.80;
Mar 14, 2018;1322.20;1324.40;1322.20;1324.40;1324.40;19
Mar 13, 2018;1325.90;1325.90;1325.30;1325.90;1325.90;13
Mar 12, 2018;1319.40;1319.40;1319.40;1319.40;1319.40;
Mar 09, 2018;1316.80;1322.40;1313.00;1322.40;1322.40;88
Mar 08, 2018;1324.80;1326.80;1319.30;1319.90;1319.90;62
Mar 07, 2018;1338.10;1338.10;1326.00;1326.00;1326.00;27
Mar 06, 2018;1321.60;1333.60;1321.40;1333.60;1333.60;18
Mar 05, 2018;1323.50;1325.90;1318.10;1318.10;1318.10;18
Mar 02, 2018;1314.30;1323.20;1314.30;1321.10;1321.10;155
Mar 01, 2018;1310.40;1318.10;1301.80;1302.90;1302.90;43
Feb 28, 2018;1315.40;1321.00;1315.40;1315.50;1315.50;58
Feb 27, 2018;1331.70;1332.60;1312.70;1315.50;1315.50;710
Feb 26, 2018;1335.00;1340.50;1330.70;1330.70;1330.70;652
Feb 23, 2018;1328.00;1332.10;1327.70;1328.20;1328.20;427
Feb 22, 2018;1322.00;1331.40;1322.00;1330.60;1330.60;70
Feb 21, 2018;1326.80;1331.50;1324.40;1330.00;1330.00;119
Feb 20, 2018;1348.40;1350.20;1328.50;1328.80;1328.80;283
Feb 16, 2018;1354.00;1361.40;1344.90;1353.20;1353.20;110
Feb 15, 2018;1352.00;1355.90;1349.70;1352.10;1352.10;111
Feb 14, 2018;1332.80;1355.50;1324.00;1355.50;1355.50;400
Feb 13, 2018;1324.50;1329.60;1323.40;1328.10;1328.10;71
Feb 12, 2018;1323.80;1325.50;1318.00;1324.20;1324.20;140
Feb 09, 2018;1320.90;1322.00;1311.90;1313.10;1313.10;451
Feb 08, 2018;1317.10;1321.10;1307.00;1316.90;1316.90;459
Feb 07, 2018;1325.40;1331.10;1310.50;1311.60;1311.60;491
Feb 06, 2018;1338.20;1343.70;1319.50;1326.10;1326.10;529
Feb 05, 2018;1331.10;1340.20;1329.00;1333.00;1333.00;641
Feb 02, 2018;1348.50;1352.10;1327.70;1333.70;1333.70;2841
Feb 01, 2018;1343.80;1350.60;1336.80;1344.30;1344.30;1680
Jan 31, 2018;1337.50;1346.90;1331.80;1339.00;1339.00;4,881
Jan 30, 2018;1338.70;1347.80;1332.80;1335.40;1335.40;52,100
Jan 29, 2018;;;;;;
Jan 26, 2018;1351.60;1352.00;1350.90;1351.60;1351.60;280,546
Jan 25, 2018;1356.30;1362.40;1346.70;1362.40;1362.40;4
Jan 24, 2018;1355.90;1357.20;1355.90;1355.90;1355.90;18
Jan 23, 2018;1335.80;1335.90;1335.70;1335.70;1335.70;47
Jan 22, 2018;1328.40;1330.90;1328.40;1330.90;1330.90;162
Jan 19, 2018;1330.10;1333.00;1330.10;1331.90;1331.90;50
Jan 18, 2018;1328.90;1328.90;1326.00;1326.00;1326.00;211
Jan 17, 2018;1334.40;1338.00;1326.80;1338.00;1338.00;27
Jan 16, 2018;1331.10;1335.40;1331.00;1335.40;1335.40;13
Jan 12, 2018;1327.80;1338.20;1327.80;1333.40;1333.40;14
Jan 11, 2018;1317.10;1320.60;1316.30;1320.60;1320.60;9
Jan 10, 2018;1320.30;1320.70;1315.30;1317.40;1317.40;70
Jan 09, 2018;1309.60;1311.70;1309.60;1311.70;1311.70;16
Jan 08, 2018;1319.90;1319.90;1314.60;1318.60;1318.60;41
Jan 05, 2018;1320.30;1320.30;1320.30;1320.30;1320.30;1
Jan 04, 2018;1319.40;1322.00;1319.40;1319.40;1319.40;2
Jan 03, 2018;1320.00;1320.10;1312.10;1316.20;1316.20;42
Jan 02, 2018;1302.30;1317.60;1302.30;1313.70;1313.70;68
Dec 29, 2017;1294.20;1306.30;1294.00;1306.30;1306.30;65
Dec 28, 2017;1288.20;1294.10;1288.20;1294.10;1294.10;245
Dec 27, 2017;1284.00;1287.00;1284.00;1287.00;1287.00;456
Dec 26, 2017;1282.40;1284.10;1281.80;1284.10;1284.10;84
Dec 22, 2017;1266.30;1276.30;1266.30;1275.40;1275.40;119
Dec 21, 2017;1266.40;1267.40;1264.30;1267.30;1267.30;226
Dec 20, 2017;1261.30;1266.60;1261.30;1266.10;1266.10;63
Dec 19, 2017;1261.10;1264.30;1259.50;1260.70;1260.70;329
Dec 18, 2017;1256.20;1262.40;1255.70;1262.20;1262.20;45
Dec 15, 2017;1253.10;1260.30;1253.10;1254.30;1254.30;578
Dec 14, 2017;1252.90;1257.70;1250.30;1253.80;1253.80;139
Dec 13, 2017;1241.90;1254.50;1239.80;1245.40;1245.40;349
Dec 12, 2017;1241.30;1244.40;1236.50;1238.50;1238.50;692
Dec 11, 2017;1248.40;1249.20;1239.90;1243.70;1243.70;146
Dec 08, 2017;1246.30;1249.30;1241.50;1245.20;1245.20;157
Dec 07, 2017;1262.30;1262.40;1243.90;1249.80;1249.80;358
Dec 06, 2017;1264.90;1267.80;1261.60;1262.80;1262.80;373
Dec 05, 2017;1275.40;1275.80;1260.00;1261.60;1261.60;1499
Dec 04, 2017;1272.50;1276.10;1270.30;1274.30;1274.30;850
Dec 01, 2017;1274.10;1288.60;1271.00;1278.80;1278.80;823
Nov 30, 2017;1283.10;1284.50;1269.70;1273.20;1273.20;3,049
Nov 29, 2017;1293.40;1296.20;1281.10;1282.10;1282.10;47,244
Nov 28, 2017;1294.70;1294.70;1294.70;1294.70;1294.70;275,442
Nov 27, 2017;1293.80;1293.80;1293.80;1293.80;1293.80;1
Nov 24, 2017;;;;;;
Nov 22, 2017;1284.70;1291.60;1282.90;1291.60;1291.60;4
Nov 21, 2017;1281.10;1281.10;1281.10;1281.10;1281.10;4
Nov 20, 2017;1274.60;1275.90;1274.60;1274.60;1274.60;1
Nov 17, 2017;1288.30;1295.80;1288.30;1295.80;1295.80;1
Nov 16, 2017;1277.50;1277.50;1277.40;1277.40;1277.40;43
Nov 15, 2017;1281.40;1284.70;1275.90;1276.50;1276.50;13
Nov 14, 2017;1276.90;1281.50;1276.90;1281.50;1281.50;4
Nov 13, 2017;1277.30;1277.30;1277.00;1277.30;1277.30;3
Nov 10, 2017;1283.50;1283.50;1272.40;1272.40;1272.40;10
Nov 09, 2017;1279.70;1286.90;1279.70;1285.60;1285.60;18
Nov 08, 2017;1275.90;1284.90;1274.70;1281.60;1281.60;15
Nov 07, 2017;1276.80;1276.80;1270.40;1273.70;1273.70;11
Nov 06, 2017;1269.00;1280.50;1269.00;1279.40;1279.40;128
Nov 03, 2017;1265.30;1267.90;1265.30;1266.50;1266.50;75
Nov 02, 2017;1274.90;1274.90;1274.90;1274.90;1274.90;70
Nov 01, 2017;1272.20;1274.80;1270.30;1274.10;1274.10;78
Oct 31, 2017;1273.10;1274.60;1266.10;1267.00;1267.00;235
Oct 30, 2017;1270.00;1274.10;1267.90;1274.10;1274.10;222
Oct 27, 2017;1268.40;1268.50;1267.10;1268.50;1268.50;567
Oct 26, 2017;1273.50;1273.50;1264.70;1266.30;1266.30;39
Oct 25, 2017;1269.90;1275.40;1269.90;1275.40;1275.40;105
Oct 24, 2017;1275.50;1275.50;1273.70;1275.00;1275.00;111
Oct 23, 2017;1274.70;1280.80;1271.50;1277.70;1277.70;115
Oct 20, 2017;1279.60;1279.60;1277.40;1277.40;1277.40;304
Oct 19, 2017;1286.40;1286.90;1285.10;1286.90;1286.90;134
Oct 18, 2017;1279.90;1279.90;1279.90;1279.90;1279.90;163
Oct 17, 2017;1295.10;1295.10;1283.00;1283.00;1283.00;571
Oct 16, 2017;1302.00;1303.80;1291.90;1299.90;1299.90;173
Oct 13, 2017;1293.30;1301.70;1291.70;1301.50;1301.50;74
Oct 12, 2017;1291.50;1294.50;1289.30;1293.30;1293.30;14
Oct 11, 2017;1287.30;1292.00;1284.90;1285.80;1285.80;21
Oct 10, 2017;1282.60;1293.00;1281.70;1290.60;1290.60;18
Oct 09, 2017;1280.60;1284.00;1279.00;1281.80;1281.80;19
Oct 06, 2017;1267.60;1272.00;1260.50;1271.60;1271.60;46
Oct 05, 2017;1277.80;1277.80;1267.60;1269.90;1269.90;36
Oct 04, 2017;1273.80;1280.80;1270.00;1273.70;1273.70;218
Oct 03, 2017;1269.70;1273.30;1268.60;1271.50;1271.50;192
Oct 02, 2017;1275.00;1276.10;1270.40;1272.70;1272.70;136
Sep 29, 2017;1284.20;1289.40;1281.50;1281.50;1281.50;492
Sep 28, 2017;1283.10;1288.00;1277.00;1285.50;1285.50;5,226
Sep 27, 2017;1283.40;1283.40;1283.40;1283.40;1283.40;19,488
Sep 26, 2017;1304.50;1305.60;1297.00;1297.00;1297.00;39
Sep 25, 2017;1293.10;1309.20;1291.00;1306.80;1306.80;51
Sep 22, 2017;1295.00;1295.70;1293.30;1293.30;1293.30;209
Sep 21, 2017;1299.10;1304.10;1290.30;1290.60;1290.60;336
Sep 20, 2017;1312.00;1312.00;1298.70;1312.00;1312.00;12
Sep 19, 2017;1307.90;1310.30;1305.10;1306.20;1306.20;20
Sep 18, 2017;1309.80;1310.40;1306.00;1306.30;1306.30;129
Sep 15, 2017;1320.60;1321.20;1319.80;1320.40;1320.40;15
Sep 14, 2017;1319.60;1329.30;1319.60;1324.70;1324.70;316
Sep 13, 2017;1323.40;1323.40;1323.40;1323.40;1323.40;16
Sep 12, 2017;1327.00;1328.00;1325.20;1328.00;1328.00;15
Sep 11, 2017;1331.00;1331.00;1327.30;1331.00;1331.00;9
Sep 08, 2017;1351.00;1355.80;1345.60;1346.00;1346.00;37
Sep 07, 2017;1336.40;1349.00;1336.40;1345.10;1345.10;26
Sep 06, 2017;1340.00;1340.30;1332.60;1333.90;1333.90;20
Sep 05, 2017;1335.20;1339.20;1328.60;1339.20;1339.20;39
Sep 01, 2017;1320.20;1327.70;1316.90;1324.50;1324.50;313
Aug 31, 2017;1306.60;1322.30;1301.70;1316.20;1316.20;373
Aug 30, 2017;1308.20;1312.50;1304.90;1308.10;1308.10;1178
Aug 29, 2017;1318.80;1323.80;1313.10;1313.10;1313.10;1178
Aug 28, 2017;1293.50;1311.30;1293.50;1309.70;1309.70;145
Aug 25, 2017;1285.40;1292.70;1280.30;1292.50;1292.50;280
Aug 24, 2017;1288.70;1288.70;1284.00;1286.50;1286.50;550
Aug 23, 2017;1289.40;1289.40;1286.90;1288.90;1288.90;250
Aug 22, 2017;1287.20;1288.40;1283.20;1285.10;1285.10;100
Aug 21, 2017;1285.20;1290.80;1284.70;1290.80;1290.80;18
Aug 18, 2017;1288.60;1300.70;1284.30;1285.70;1285.70;358
Aug 17, 2017;1283.80;1288.50;1283.20;1286.40;1286.40;43
Aug 16, 2017;1271.30;1282.60;1269.40;1276.90;1276.90;110
Aug 15, 2017;1280.50;1280.50;1267.40;1273.70;1273.70;188
Aug 14, 2017;1288.40;1288.40;1278.80;1284.20;1284.20;338
Aug 11, 2017;1286.30;1291.10;1282.00;1287.70;1287.70;139
Aug 10, 2017;1276.60;1287.40;1274.90;1283.70;1283.70;608
Aug 09, 2017;1260.20;1277.80;1260.20;1273.00;1273.00;574
Aug 08, 2017;1256.90;1264.10;1251.40;1256.40;1256.40;555
Aug 07, 2017;1258.70;1259.10;1255.30;1258.20;1258.20;260
Aug 04, 2017;1269.00;1269.60;1253.90;1258.30;1258.30;521
Aug 03, 2017;1265.90;1269.80;1256.60;1267.80;1267.80;878
Aug 02, 2017;1268.50;1272.10;1262.90;1271.80;1271.80;393
Aug 01, 2017;1268.40;1273.30;1262.00;1272.60;1272.60;1061
Jul 31, 2017;1268.90;1270.80;1265.80;1266.60;1266.60;7,780
Jul 28, 2017;1258.40;1270.00;1256.90;1268.40;1268.40;64,180
Jul 27, 2017;1259.60;1259.60;1259.60;1259.60;1259.60;220,309
Jul 26, 2017;1244.80;1249.00;1244.80;1249.00;1249.00;7
Jul 25, 2017;1252.70;1253.60;1249.20;1251.70;1251.70;18
Jul 24, 2017;1256.00;1256.00;1253.90;1253.90;1253.90;8
Jul 21, 2017;1250.70;1254.30;1250.50;1254.30;1254.30;16
Jul 20, 2017;1236.60;1244.80;1236.60;1244.80;1244.80;5
Jul 19, 2017;1240.40;1241.20;1240.10;1241.20;1241.20;3
Jul 18, 2017;1236.20;1241.20;1236.20;1241.10;1241.10;29
Jul 17, 2017;1229.90;1233.40;1229.90;1232.80;1232.80;7
Jul 14, 2017;1214.90;1227.50;1214.80;1226.60;1226.60;23
Jul 13, 2017;1221.40;1221.40;1216.30;1216.30;1216.30;7
Jul 12, 2017;1218.30;1219.40;1217.90;1218.10;1218.10;7
Jul 11, 2017;1208.70;1214.90;1208.70;1213.60;1213.60;12
Jul 10, 2017;1211.40;1212.10;1209.60;1212.10;1212.10;28
Jul 07, 2017;1219.10;1220.40;1208.60;1208.60;1208.60;116
Jul 06, 2017;1225.10;1225.10;1222.20;1222.20;1222.20;5
Jul 05, 2017;1222.50;1225.00;1217.10;1220.40;1220.40;40
Jul 03, 2017;;;;;;
Jun 30, 2017;1243.70;1243.70;1239.10;1240.70;1240.70;43
Jun 29, 2017;1248.20;1250.70;1238.10;1244.20;1244.20;540
Jun 28, 2017;1248.50;1248.50;1248.00;1248.00;1248.00;370
Jun 27, 2017;1251.60;1251.80;1245.90;1246.40;1246.40;111
Jun 26, 2017;1260.20;1260.20;1241.60;1246.30;1246.30;194
Jun 23, 2017;1250.00;1273.60;1249.80;1256.20;1256.20;269
Jun 22, 2017;1251.00;1252.70;1246.30;1247.60;1247.60;156
Jun 21, 2017;1244.10;1245.00;1240.00;1243.40;1243.40;205
Jun 20, 2017;1242.20;1245.50;1240.50;1241.00;1241.00;75
Jun 19, 2017;1252.10;1252.20;1241.90;1244.20;1244.20;108
Jun 16, 2017;1252.80;1255.30;1251.30;1254.00;1254.00;34
Jun 15, 2017;1263.20;1264.20;1250.30;1252.20;1252.20;743
Jun 14, 2017;1269.40;1278.00;1256.80;1272.80;1272.80;336
Jun 13, 2017;1264.10;1266.90;1259.70;1265.80;1265.80;150
Jun 12, 2017;1266.40;1269.30;1263.20;1266.10;1266.10;255
Jun 09, 2017;1277.90;1277.90;1264.60;1268.50;1268.50;467
Jun 08, 2017;1285.40;1287.60;1268.10;1276.30;1276.30;319
Jun 07, 2017;1291.60;1293.10;1284.30;1290.10;1290.10;641
Jun 06, 2017;1279.40;1295.20;1279.40;1294.40;1294.40;942
Jun 05, 2017;1279.20;1282.00;1277.00;1279.30;1279.30;433
Jun 02, 2017;1265.20;1279.00;1259.00;1276.80;1276.80;1732
Jun 01, 2017;1268.00;1269.20;1260.80;1267.00;1267.00;825
May 31, 2017;1262.40;1273.20;1258.50;1272.00;1272.00;2712
May 30, 2017;1267.40;1270.00;1258.40;1262.10;1262.10;129,819
May 26, 2017;1267.60;1267.60;1267.60;1267.60;1267.60;271457
May 25, 2017;1257.10;1258.30;1255.80;1255.80;1255.80;11
May 24, 2017;1251.90;1257.80;1249.70;1252.40;1252.40;14
May 23, 2017;1261.50;1261.60;1250.60;1254.80;1254.80;20
May 22, 2017;1251.70;1260.70;1251.70;1260.70;1260.70;14
May 19, 2017;1252.70;1252.70;1252.70;1252.70;1252.70;14
May 18, 2017;1254.80;1260.00;1245.80;1251.70;1251.70;43
May 17, 2017;1241.00;1259.20;1240.70;1257.50;1257.50;26
May 16, 2017;1230.40;1237.30;1230.40;1235.00;1235.00;20
May 15, 2017;1227.50;1232.70;1227.50;1228.60;1228.60;13
May 12, 2017;1228.00;1229.50;1226.10;1226.20;1226.20;29
May 11, 2017;1218.50;1222.70;1218.30;1222.70;1222.70;13
May 10, 2017;1219.80;1220.20;1217.30;1217.30;1217.30;23
May 09, 2017;1226.10;1226.20;1214.00;1214.30;1214.30;55
May 08, 2017;1224.00;1234.00;1224.00;1225.30;1225.30;43
May 05, 2017;1227.00;1233.70;1224.80;1224.80;1224.80;16
May 04, 2017;1239.80;1239.80;1224.20;1226.50;1226.50;72
May 03, 2017;1255.10;1255.80;1238.70;1246.40;1246.40;195
May 02, 2017;1256.20;1256.20;1251.20;1255.10;1255.10;90
May 01, 2017;1268.70;1269.30;1253.30;1253.30;1253.30;34
Apr 28, 2017;1265.90;1267.20;1264.70;1266.10;1266.10;85
Apr 27, 2017;1266.70;1267.20;1262.20;1263.70;1263.70;206
Apr 26, 2017;1266.00;1266.00;1262.10;1262.10;1262.10;1156
Apr 25, 2017;1275.60;1276.90;1262.10;1265.60;1265.60;356
Apr 24, 2017;1275.00;1276.40;1265.00;1275.80;1275.80;605
Apr 21, 2017;1279.80;1287.40;1279.20;1287.40;1287.40;474
Apr 20, 2017;1279.70;1281.90;1276.20;1281.90;1281.90;127
Apr 19, 2017;1288.00;1288.00;1274.00;1281.40;1281.40;194
Apr 18, 2017;1283.90;1291.70;1278.60;1291.70;1291.70;394
Apr 17, 2017;1291.80;1294.80;1284.30;1289.40;1289.40;73
Apr 13, 2017;1285.30;1287.60;1282.00;1285.90;1285.90;915
Apr 12, 2017;1275.00;1285.10;1272.00;1275.30;1275.30;492
Apr 11, 2017;1254.50;1273.50;1254.50;1271.20;1271.20;401
Apr 10, 2017;1252.70;1255.20;1246.80;1251.10;1251.10;182
Apr 07, 2017;1249.50;1269.10;1249.50;1254.30;1254.30;445
Apr 06, 2017;1256.10;1257.50;1249.00;1250.30;1250.30;169
Apr 05, 2017;1255.40;1255.40;1243.00;1245.40;1245.40;907
Apr 04, 2017;1253.10;1260.30;1253.00;1255.00;1255.00;724
Apr 03, 2017;1247.50;1252.40;1243.60;1250.80;1250.80;1160
Mar 31, 2017;1242.10;1248.80;1238.70;1247.30;1247.30;8,223
Mar 30, 2017;1253.10;1253.60;1241.10;1245.00;1245.00;51328
Mar 29, 2017;1252.20;1253.40;1252.10;1253.40;1253.40;190,678
Mar 28, 2017;1255.90;1255.90;1255.30;1255.30;1255.30;19
Mar 27, 2017;1255.80;1257.70;1253.80;1255.40;1255.40;72
Mar 24, 2017;1248.00;1248.30;1247.60;1248.20;1248.20;3
Mar 23, 2017;1246.40;1247.50;1244.80;1246.90;1246.90;16
Mar 22, 2017;1247.90;1249.50;1247.70;1249.30;1249.30;3
Mar 21, 2017;1226.40;1246.10;1226.40;1246.10;1246.10;11
Mar 20, 2017;1229.30;1234.40;1229.30;1233.60;1233.60;23
Mar 17, 2017;1227.10;1230.90;1227.10;1229.80;1229.80;26
Mar 16, 2017;1222.20;1231.40;1222.20;1226.50;1226.50;47
Mar 15, 2017;1198.20;1221.20;1197.70;1200.10;1200.10;36
Mar 14, 2017;1203.10;1205.90;1196.80;1201.90;1201.90;22
Mar 13, 2017;1206.20;1210.00;1202.30;1202.40;1202.40;35
Mar 10, 2017;1196.20;1203.30;1196.20;1200.70;1200.70;3
Mar 09, 2017;1204.50;1205.60;1202.30;1202.40;1202.40;37
Mar 08, 2017;1212.20;1212.20;1206.70;1208.50;1208.50;24
Mar 07, 2017;1224.30;1225.40;1213.70;1215.10;1215.10;53
Mar 06, 2017;1235.20;1235.20;1224.50;1224.50;1224.50;29
Mar 03, 2017;1231.70;1235.20;1222.90;1225.50;1225.50;121
Mar 02, 2017;1247.20;1247.60;1230.70;1231.90;1231.90;79
Mar 01, 2017;1247.80;1248.90;1236.90;1248.90;1248.90;138
Feb 28, 2017;1253.60;1257.30;1247.20;1252.60;1252.60;721
Feb 27, 2017;1254.70;1263.10;1250.40;1257.40;1257.40;544
Feb 24, 2017;1250.00;1258.80;1250.00;1256.90;1256.90;1264
Feb 23, 2017;1236.10;1250.30;1236.10;1250.20;1250.20;112
Feb 22, 2017;1236.10;1238.60;1231.80;1232.00;1232.00;36
Feb 21, 2017;1237.30;1237.50;1228.10;1237.50;1237.50;119
Feb 17, 2017;1240.70;1241.20;1234.80;1237.60;1237.60;301
Feb 16, 2017;1234.50;1240.70;1233.20;1240.00;1240.00;87
Feb 15, 2017;1225.50;1231.70;1217.30;1231.70;1231.70;175
Feb 14, 2017;1225.90;1233.50;1222.10;1223.90;1223.90;159
Feb 13, 2017;1230.50;1231.10;1219.00;1224.40;1224.40;398
Feb 10, 2017;1227.60;1234.40;1221.50;1234.40;1234.40;391
Feb 09, 2017;1239.40;1243.50;1226.90;1235.10;1235.10;885
Feb 08, 2017;1232.10;1243.90;1231.00;1237.60;1237.60;288
Feb 07, 2017;1234.20;1236.20;1228.50;1234.20;1234.20;1177
Feb 06, 2017;1221.90;1235.40;1218.50;1230.00;1230.00;908
Feb 03, 2017;1214.90;1220.60;1206.20;1218.50;1218.50;865
Feb 02, 2017;1209.70;1224.20;1208.90;1216.70;1216.70;1512
Feb 01, 2017;1211.90;1211.90;1197.90;1205.60;1205.60;1145
Jan 31, 2017;1194.90;1214.70;1193.50;1208.60;1208.60;3,212
Jan 30, 2017;1191.70;1198.50;1187.10;1193.20;1193.20;50,503
Jan 27, 2017;1187.90;1188.30;1187.90;1188.10;1188.10;234,352
Jan 26, 2017;1199.70;1199.70;1185.60;1189.50;1189.50;19
Jan 25, 2017;1202.00;1202.80;1194.90;1197.30;1197.30;403
Jan 24, 2017;1219.00;1219.00;1207.70;1210.30;1210.30;24
Jan 23, 2017;1212.00;1215.00;1210.00;1215.00;1215.00;16
Jan 20, 2017;1202.80;1212.10;1202.80;1204.30;1204.30;38
Jan 19, 2017;1200.50;1204.00;1195.80;1200.90;1200.90;26
Jan 18, 2017;1213.60;1214.70;1203.10;1211.30;1211.30;114
Jan 17, 2017;1205.50;1214.60;1200.80;1212.00;1212.00;79
Jan 13, 2017;1195.70;1196.00;1187.70;1195.30;1195.30;65
Jan 12, 2017;1192.70;1204.30;1192.30;1198.90;1198.90;110
Jan 11, 2017;1187.50;1197.00;1176.50;1195.60;1195.60;20
Jan 10, 2017;1184.30;1188.90;1182.30;1184.20;1184.20;8
Jan 09, 2017;1173.90;1183.60;1173.00;1183.50;1183.50;62
Jan 06, 2017;1176.50;1176.50;1171.90;1171.90;1171.90;16
Jan 05, 2017;1172.00;1183.30;1171.50;1179.70;1179.70;500
Jan 04, 2017;1156.30;1165.00;1156.30;1163.80;1163.80;36
Jan 03, 2017;1155.20;1160.80;1146.50;1160.40;1160.40;52
Dec 30, 2016;1162.00;1162.00;1150.00;1150.00;1150.00;16
Dec 29, 2016;1143.80;1158.80;1143.60;1156.40;1156.40;950
Dec 28, 2016;1141.20;1141.20;1138.00;1139.40;1139.40;1570
Dec 27, 2016;1134.30;1142.20;1134.30;1137.30;1137.30;84
Dec 23, 2016;1130.90;1132.80;1130.30;1131.90;1131.90;70
Dec 22, 2016;1131.20;1132.80;1128.30;1128.80;1128.80;104
Dec 21, 2016;1136.10;1136.10;1130.00;1131.10;1131.10;50
Dec 20, 2016;1133.50;1133.50;1126.50;1131.50;1131.50;46
Dec 19, 2016;1139.40;1140.70;1137.90;1140.50;1140.50;249
Dec 16, 2016;1126.90;1140.90;1126.90;1135.30;1135.30;146
Dec 15, 2016;1139.80;1143.30;1123.90;1127.80;1127.80;244
Dec 14, 2016;1159.80;1164.00;1142.00;1161.30;1161.30;487
Dec 13, 2016;1163.50;1164.00;1155.40;1156.70;1156.70;637
Dec 12, 2016;1158.30;1163.90;1153.00;1163.50;1163.50;331
Dec 09, 2016;1166.60;1168.80;1156.00;1159.40;1159.40;365
Dec 08, 2016;1173.80;1177.80;1169.10;1169.80;1169.80;322
Dec 07, 2016;1167.70;1178.50;1166.40;1175.00;1175.00;182
Dec 06, 2016;1170.90;1174.50;1167.10;1167.60;1167.60;652
Dec 05, 2016;1181.80;1186.70;1157.00;1174.00;1174.00;358
Dec 02, 2016;1172.30;1177.30;1166.40;1175.10;1175.10;1521
Dec 01, 2016;1172.70;1174.60;1160.00;1166.90;1166.90;1588
Nov 30, 2016;1187.10;1193.30;1167.90;1170.80;1170.80;7,158
Nov 29, 2016;1193.20;1194.80;1179.40;1187.90;1187.90;42,124
Nov 28, 2016;1188.00;1190.60;1188.00;1190.60;1190.60;189,914
Nov 25, 2016;1177.00;1189.30;1177.00;1178.20;1178.20;14
Nov 23, 2016;1212.80;1213.80;1186.80;1189.10;1189.10;309
Nov 22, 2016;1210.40;1211.10;1207.60;1211.00;1211.00;19
Nov 21, 2016;1209.60;1209.60;1209.60;1209.60;1209.60;19
Nov 18, 2016;1211.90;1211.90;1207.20;1208.50;1208.50;607
Nov 17, 2016;1224.60;1225.00;1211.00;1216.50;1216.50;1139
Nov 16, 2016;1229.30;1229.30;1223.00;1223.40;1223.40;66
Nov 15, 2016;1224.30;1226.00;1222.50;1224.00;1224.00;20
Nov 14, 2016;1227.80;1229.50;1210.40;1221.20;1221.20;216
Nov 10, 2016;1274.40;1287.50;1253.30;1265.50;1265.50;63
Nov 09, 2016;1272.20;1318.60;1270.00;1272.60;1272.60;108
Nov 08, 2016;1284.10;1289.40;1273.20;1273.40;1273.40;50
Nov 07, 2016;1292.00;1294.50;1278.30;1278.30;1278.30;34
Nov 04, 2016;1300.00;1303.30;1296.70;1303.30;1303.30;11
Nov 03, 2016;1296.40;1303.10;1287.30;1302.10;1302.10;73
Nov 02, 2016;1288.30;1307.00;1288.30;1306.80;1306.80;30
Nov 01, 2016;1279.30;1290.70;1279.00;1286.40;1286.40;49
Oct 31, 2016;1276.60;1276.60;1271.50;1271.50;1271.50;58
Oct 28, 2016;1270.30;1281.50;1262.00;1275.50;1275.50;560
Oct 27, 2016;1269.40;1269.40;1267.90;1267.90;1267.90;338
Oct 26, 2016;1274.00;1274.00;1264.80;1264.80;1264.80;279
Oct 25, 2016;1264.10;1274.10;1264.10;1271.90;1271.90;61
Oct 24, 2016;1269.20;1269.20;1261.80;1262.00;1262.00;42
Oct 21, 2016;1265.90;1265.90;1265.90;1265.90;1265.90;224
Oct 20, 2016;1270.00;1270.50;1265.50;1265.60;1265.60;415
Oct 19, 2016;1262.90;1271.50;1262.90;1267.90;1267.90;219
Oct 18, 2016;1260.90;1261.70;1260.80;1260.80;1260.80;11
Oct 17, 2016;1249.90;1255.00;1249.90;1254.40;1254.40;41
Oct 14, 2016;1253.90;1253.90;1250.60;1253.10;1253.10;311
Oct 13, 2016;1258.70;1259.00;1255.00;1255.00;1255.00;315
Oct 12, 2016;1251.70;1254.00;1251.10;1251.10;1251.10;127
Oct 11, 2016;1258.90;1258.90;1253.00;1253.00;1253.00;26
Oct 07, 2016;1253.90;1263.60;1248.90;1248.90;1248.90;169
Oct 06, 2016;1265.30;1265.30;1249.80;1249.80;1249.80;114
Oct 05, 2016;1272.10;1274.00;1261.30;1265.20;1265.20;246
Oct 04, 2016;1307.60;1310.20;1266.30;1266.30;1266.30;1893
Oct 03, 2016;1313.50;1316.80;1308.20;1309.00;1309.00;299
Sep 30, 2016;1320.60;1327.70;1312.90;1313.30;1313.30;868
Sep 29, 2016;1321.20;1325.00;1314.70;1321.70;1321.70;6,108
Sep 28, 2016;1319.40;1319.40;1319.40;1319.40;1319.40;10,551
Sep 27, 2016;1328.00;1328.70;1325.90;1325.90;1325.90;48
Sep 26, 2016;1335.20;1341.80;1335.20;1339.70;1339.70;24
Sep 23, 2016;1337.20;1337.20;1337.20;1337.20;1337.20;40
Sep 22, 2016;1338.60;1340.40;1338.20;1340.40;1340.40;23
Sep 21, 2016;1326.30;1326.90;1324.00;1326.90;1326.90;76
Sep 20, 2016;1313.70;1313.70;1313.70;1313.70;1313.70;97
Sep 19, 2016;1313.50;1313.50;1313.50;1313.50;1313.50;20
Sep 16, 2016;1312.20;1312.60;1305.80;1305.80;1305.80;4
Sep 15, 2016;1320.70;1320.70;1310.80;1313.50;1313.50;37
Sep 14, 2016;1319.20;1322.30;1319.20;1321.50;1321.50;73
Sep 13, 2016;1324.60;1324.60;1315.00;1319.00;1319.00;79
Sep 12, 2016;1327.00;1329.30;1319.90;1321.00;1321.00;177
Sep 09, 2016;1338.50;1338.50;1328.00;1330.10;1330.10;35
Sep 08, 2016;1344.80;1345.40;1335.70;1336.80;1336.80;30
Sep 07, 2016;1348.40;1350.50;1343.90;1344.30;1344.30;14
Sep 06, 2016;1323.30;1349.40;1323.20;1349.40;1349.40;46
Sep 02, 2016;1309.60;1326.70;1309.20;1322.10;1322.10;55
Sep 01, 2016;1305.30;1313.10;1301.50;1312.20;1312.20;225
Aug 31, 2016;1310.30;1313.70;1306.30;1306.90;1306.90;214
Aug 30, 2016;1322.00;1322.10;1308.00;1311.70;1311.70;705
Aug 29, 2016;1315.00;1323.00;1315.00;1322.90;1322.90;437
Aug 26, 2016;1323.80;1340.50;1320.10;1321.50;1321.50;141
Aug 25, 2016;1321.40;1324.00;1317.00;1320.10;1320.10;58
Aug 24, 2016;1337.20;1337.20;1322.90;1324.40;1324.40;262
Aug 23, 2016;1337.00;1341.20;1334.30;1340.60;1340.60;551
Aug 22, 2016;1334.40;1337.70;1333.30;1337.70;1337.70;117
Aug 19, 2016;1350.10;1350.10;1338.60;1340.40;1340.40;197
Aug 18, 2016;1351.30;1354.40;1348.20;1351.20;1351.20;140
Aug 17, 2016;1345.50;1347.30;1338.60;1342.70;1342.70;135
Aug 16, 2016;1342.20;1355.00;1341.00;1350.50;1350.50;338
Aug 15, 2016;1336.50;1340.60;1333.60;1340.30;1340.30;62
Aug 12, 2016;1336.80;1351.80;1333.20;1335.80;1335.80;113
Aug 11, 2016;1341.60;1350.40;1334.80;1342.50;1342.50;666
Aug 10, 2016;1344.80;1354.20;1344.30;1344.30;1344.30;110
Aug 09, 2016;1331.80;1339.40;1328.50;1339.00;1339.00;620
Aug 08, 2016;1330.00;1335.40;1327.80;1333.40;1333.40;587
Aug 05, 2016;1357.60;1360.80;1333.70;1336.40;1336.40;1107
Aug 04, 2016;1354.40;1361.60;1347.00;1358.80;1358.80;381
Aug 03, 2016;1362.40;1364.70;1353.30;1356.10;1356.10;715
Aug 02, 2016;1352.10;1366.00;1346.60;1364.40;1364.40;2941
Aug 01, 2016;1348.80;1353.50;1345.60;1351.40;1351.40;1257
Jul 29, 2016;1333.20;1353.30;1325.80;1349.00;1349.00;6,076
Jul 28, 2016;1339.50;1344.30;1330.10;1332.30;1332.30;56,908
Jul 27, 2016;1326.00;1326.60;1326.00;1326.60;1326.60;215,388
Jul 26, 2016;1315.20;1320.70;1315.20;1320.70;1320.70;63
Jul 25, 2016;1315.70;1319.30;1313.80;1319.30;1319.30;548
Jul 22, 2016;1330.70;1330.70;1320.40;1323.10;1323.10;55
Jul 21, 2016;1312.80;1330.50;1312.80;1330.50;1330.50;318
Jul 20, 2016;1331.00;1337.50;1315.50;1318.80;1318.80;751
Jul 19, 2016;1328.50;1333.20;1326.40;1331.50;1331.50;322
Jul 18, 2016;1327.50;1335.00;1326.20;1328.40;1328.40;54
Jul 15, 2016;1333.70;1333.70;1322.90;1326.50;1326.50;52
Jul 14, 2016;1341.40;1341.40;1322.70;1331.30;1331.30;20
Jul 13, 2016;1341.50;1342.40;1336.70;1342.40;1342.40;7
Jul 12, 2016;1353.60;1356.00;1330.30;1334.10;1334.10;252
Jul 11, 2016;1371.70;1371.80;1353.00;1355.00;1355.00;26
Jul 08, 2016;1361.30;1365.80;1335.00;1356.60;1356.60;249
Jul 07, 2016;1366.80;1368.60;1350.50;1360.10;1360.10;207
Jul 06, 2016;1359.00;1374.90;1359.00;1364.90;1364.90;130
Jul 05, 2016;1342.20;1356.80;1339.70;1356.40;1356.40;90
Jul 01, 2016;1324.50;1344.20;1321.90;1336.70;1336.70;137
Jun 30, 2016;1315.80;1323.50;1314.50;1318.40;1318.40;560
Jun 29, 2016;1311.60;1327.40;1311.60;1323.90;1323.90;414
Jun 28, 2016;1314.80;1315.60;1314.10;1315.30;1315.30;1072
Jun 27, 2016;1330.00;1331.70;1320.00;1322.50;1322.50;92
Jun 24, 2016;1253.70;1355.60;1253.70;1320.00;1320.00;694
Jun 23, 2016;1263.40;1270.50;1255.20;1261.20;1261.20;218
Jun 22, 2016;1267.00;1269.20;1264.90;1268.00;1268.00;53
Jun 21, 2016;1293.90;1293.90;1266.30;1270.50;1270.50;134
Jun 20, 2016;1288.90;1291.20;1280.30;1290.00;1290.00;153
Jun 17, 2016;1280.30;1300.10;1280.30;1292.50;1292.50;129
Jun 16, 2016;1296.30;1316.40;1281.10;1296.10;1296.10;251
Jun 15, 2016;1284.60;1296.20;1278.80;1285.80;1285.80;162
Jun 14, 2016;1281.80;1289.70;1277.80;1285.60;1285.60;554
Jun 13, 2016;1276.20;1287.30;1273.00;1284.40;1284.40;328
Jun 10, 2016;1267.60;1278.00;1265.30;1273.40;1273.40;397
Jun 09, 2016;1262.50;1271.40;1258.10;1270.20;1270.20;381
Jun 08, 2016;1247.60;1264.00;1247.30;1259.80;1259.80;406
Jun 07, 2016;1244.00;1244.90;1236.50;1244.40;1244.40;281
Jun 06, 2016;1244.40;1247.30;1240.00;1244.60;1244.60;1135
Jun 03, 2016;1209.10;1244.50;1206.40;1240.10;1240.10;1622
Jun 02, 2016;1212.40;1217.00;1209.60;1209.80;1209.80;1627
Jun 01, 2016;1215.70;1219.80;1205.40;1211.90;1211.90;2717
May 31, 2016;1212.50;1217.60;1199.00;1214.80;1214.80;6,432
May 27, 2016;1220.30;1223.20;1206.40;1213.80;1213.80;63,739
May 26, 2016;1232.60;1232.60;1220.10;1220.10;1220.10;199,778
May 25, 2016;1219.30;1223.50;1218.60;1223.50;1223.50;5
May 24, 2016;1240.00;1240.00;1228.20;1228.90;1228.90;20
May 23, 2016;1251.60;1251.60;1247.50;1251.10;1251.10;56
May 20, 2016;1256.60;1256.60;1252.40;1252.40;1252.40;44
May 19, 2016;1248.00;1255.50;1247.50;1254.20;1254.20;69
May 18, 2016;1276.40;1276.40;1256.80;1273.70;1273.70;17
May 17, 2016;1272.50;1281.60;1270.80;1276.20;1276.20;16
May 16, 2016;1272.80;1287.80;1272.80;1273.40;1273.40;44
May 13, 2016;1271.40;1275.70;1264.60;1271.90;1271.90;66
May 12, 2016;1267.00;1281.20;1264.00;1270.30;1270.30;101
May 11, 2016;1266.90;1279.20;1266.90;1274.60;1274.60;50
May 10, 2016;1265.10;1267.40;1258.70;1263.90;1263.90;23
May 09, 2016;1286.50;1286.50;1262.30;1265.60;1265.60;341
May 06, 2016;1278.60;1295.60;1276.90;1292.90;1292.90;305
May 05, 2016;1282.90;1286.00;1270.80;1271.40;1271.40;330
May 04, 2016;1286.90;1290.00;1273.00;1273.30;1273.30;109
May 03, 2016;1292.70;1301.50;1284.50;1290.70;1290.70;151
May 02, 2016;1292.10;1304.40;1290.40;1294.70;1294.70;192
Apr 29, 2016;1267.30;1295.50;1267.20;1289.20;1289.20;464
Apr 28, 2016;1245.90;1270.10;1238.50;1265.50;1265.50;887
Apr 27, 2016;1248.60;1249.50;1248.60;1249.20;1249.20;547
Apr 26, 2016;1239.80;1244.20;1233.00;1242.20;1242.20;97
Apr 25, 2016;1231.60;1240.90;1231.60;1238.90;1238.90;442
Apr 22, 2016;1248.50;1248.50;1228.00;1228.70;1228.70;188
Apr 21, 2016;1247.70;1270.60;1247.60;1249.00;1249.00;124
Apr 20, 2016;1256.10;1256.10;1243.00;1253.20;1253.20;180
Apr 19, 2016;1231.60;1256.20;1228.80;1253.00;1253.00;386
Apr 18, 2016;1238.70;1241.10;1232.20;1233.60;1233.60;304
Apr 15, 2016;1225.70;1235.00;1225.70;1233.10;1233.10;97
Apr 14, 2016;1231.40;1243.70;1224.50;1225.00;1225.00;264
Apr 13, 2016;1256.50;1256.90;1241.30;1246.80;1246.80;203
Apr 12, 2016;1260.00;1261.70;1253.70;1259.40;1259.40;185
Apr 11, 2016;1241.50;1258.70;1241.50;1256.70;1256.70;437
Apr 08, 2016;1241.00;1242.80;1232.00;1242.50;1242.50;409
Apr 07, 2016;1224.80;1242.90;1224.60;1236.20;1236.20;375
Apr 06, 2016;1230.40;1230.40;1217.60;1222.50;1222.50;248
Apr 05, 2016;1215.40;1236.70;1215.40;1228.40;1228.40;477
Apr 04, 2016;1221.70;1222.30;1215.00;1218.00;1218.00;2038
Apr 01, 2016;1232.30;1235.20;1209.20;1222.20;1222.20;1602
Mar 31, 2016;1225.60;1239.60;1224.50;1234.20;1234.20;3,377
Mar 30, 2016;1241.40;1245.00;1223.40;1226.90;1226.90;48,248
Mar 29, 2016;1217.80;1235.60;1217.70;1235.60;1235.60;189,732
Mar 28, 2016;1211.50;1222.20;1210.00;1219.90;1219.90;33
Mar 24, 2016;1214.20;1221.40;1214.20;1221.40;1221.40;13
Mar 23, 2016;1247.70;1247.70;1218.60;1223.70;1223.70;28
Mar 22, 2016;1244.00;1252.40;1243.80;1248.20;1248.20;20
Mar 21, 2016;1256.20;1256.20;1243.40;1243.80;1243.80;1061
Mar 18, 2016;1257.10;1264.40;1251.50;1253.80;1253.80;542
Mar 17, 2016;1261.50;1270.10;1255.90;1264.50;1264.50;27
Mar 16, 2016;1229.50;1263.80;1228.90;1229.30;1229.30;45
Mar 15, 2016;1228.30;1236.00;1228.00;1230.40;1230.40;37
Mar 14, 2016;1256.00;1258.00;1234.50;1244.40;1244.40;58
Mar 11, 2016;1270.00;1280.70;1249.40;1258.70;1258.70;87
Mar 10, 2016;1250.00;1273.00;1237.50;1272.00;1272.00;119
Mar 09, 2016;1254.50;1260.00;1244.80;1256.60;1256.60;79
Mar 08, 2016;1268.70;1276.30;1261.00;1262.10;1262.10;43
Mar 07, 2016;1259.80;1272.30;1259.70;1263.20;1263.20;67
Mar 04, 2016;1263.00;1279.90;1250.90;1269.90;1269.90;268
Mar 03, 2016;1238.40;1267.90;1238.00;1257.40;1257.40;123
Mar 02, 2016;1232.80;1242.60;1226.00;1241.10;1241.10;267
Mar 01, 2016;1240.50;1248.40;1229.00;1230.30;1230.30;477
Feb 29, 2016;1218.60;1241.00;1218.60;1233.90;1233.90;580
Feb 26, 2016;1232.40;1239.10;1212.20;1219.80;1219.80;656
Feb 25, 2016;1239.40;1241.50;1235.00;1238.20;1238.20;1349
Feb 24, 2016;1230.00;1250.10;1230.00;1238.70;1238.70;111
Feb 23, 2016;1207.40;1226.10;1207.40;1222.30;1222.30;351
Feb 22, 2016;1226.10;1226.10;1203.00;1209.50;1209.50;280
Feb 19, 2016;1230.80;1232.80;1221.80;1230.40;1230.40;76
Feb 18, 2016;1209.60;1239.20;1201.60;1226.10;1226.10;315
Feb 17, 2016;1196.50;1212.90;1196.50;1211.10;1211.10;53
Feb 16, 2016;1233.10;1233.60;1193.60;1207.90;1207.90;422
Feb 15, 2016;;;;;;
Feb 12, 2016;1247.80;1247.80;1233.50;1239.10;1239.10;250
Feb 11, 2016;1205.60;1260.80;1204.60;1247.90;1247.90;995
Feb 10, 2016;1189.80;1197.70;1182.10;1194.70;1194.70;671
Feb 09, 2016;1188.70;1199.20;1186.70;1198.70;1198.70;700
Feb 08, 2016;1173.50;1200.40;1165.00;1197.90;1197.90;931
Feb 05, 2016;1155.60;1174.80;1146.00;1157.80;1157.80;877
Feb 04, 2016;1142.50;1157.60;1141.00;1157.60;1157.60;771
Feb 03, 2016;1128.50;1146.00;1125.00;1141.30;1141.30;1630
Feb 02, 2016;1128.30;1131.40;1123.00;1127.30;1127.30;1230
Feb 01, 2016;1116.70;1130.00;1115.30;1127.90;1127.90;1682
Jan 29, 2016;1114.40;1118.60;1108.80;1116.40;1116.40;6,955
Jan 28, 2016;1125.40;1125.70;1109.80;1115.60;1115.60;52,861
Jan 27, 2016;1117.80;1117.80;1115.80;1116.10;1116.10;168,706
Jan 26, 2016;1115.10;1121.70;1114.30;1121.70;1121.70;181
Jan 25, 2016;1099.30;1109.30;1099.30;1106.20;1106.20;8
Jan 22, 2016;1098.00;1103.20;1097.20;1097.20;1097.20;4
Jan 21, 2016;1103.60;1103.60;1094.10;1099.10;1099.10;16
Jan 20, 2016;1099.80;1109.80;1099.80;1107.10;1107.10;30
Jan 19, 2016;1089.80;1094.40;1084.90;1089.90;1089.90;17
Jan 18, 2016;;;;;;
Jan 15, 2016;1085.00;1095.80;1081.80;1091.50;1091.50;44
Jan 14, 2016;1091.50;1091.50;1073.70;1073.90;1073.90;59
Jan 13, 2016;1081.50;1093.90;1081.50;1087.50;1087.50;50
Jan 12, 2016;1093.80;1098.50;1084.00;1085.60;1085.60;87
Jan 11, 2016;1105.70;1107.90;1096.50;1096.50;1096.50;43
Jan 08, 2016;1111.10;1111.10;1093.00;1097.80;1097.80;98
Jan 07, 2016;1091.60;1109.40;1091.60;1107.70;1107.70;122
Jan 06, 2016;1081.60;1093.70;1081.60;1091.90;1091.90;52
Jan 05, 2016;1075.60;1081.50;1075.30;1078.40;1078.40;82
Jan 04, 2016;1063.40;1082.50;1063.20;1075.10;1075.10;143
Dec 31, 2015;1061.90;1062.00;1058.50;1060.30;1060.30;10
Dec 30, 2015;1068.60;1070.20;1059.70;1060.10;1060.10;71
Dec 29, 2015;1079.10;1079.70;1077.50;1077.50;1077.50;252
Dec 28, 2015;1077.90;1098.80;1070.50;1070.50;1070.50;361
Dec 24, 2015;1074.30;1077.80;1073.50;1077.20;1077.20;24
Dec 23, 2015;1074.50;1074.80;1069.40;1069.40;1069.40;202
Dec 22, 2015;1078.60;1078.60;1073.80;1074.80;1074.80;106
Dec 21, 2015;1070.20;1081.90;1070.20;1081.90;1081.90;26
Dec 18, 2015;1053.70;1070.30;1052.70;1066.20;1066.20;253
Dec 17, 2015;1072.60;1072.60;1050.50;1050.80;1050.80;56
Dec 16, 2015;1064.80;1078.70;1064.30;1078.00;1078.00;81
Dec 15, 2015;1064.60;1066.20;1061.80;1062.90;1062.90;220
Dec 14, 2015;1074.00;1076.70;1060.00;1064.70;1064.70;509
Dec 11, 2015;1067.80;1079.40;1064.40;1076.90;1076.90;410
Dec 10, 2015;1073.00;1076.30;1071.70;1073.10;1073.10;226
Dec 09, 2015;1075.10;1086.00;1070.60;1077.60;1077.60;386
Dec 08, 2015;1071.00;1078.40;1069.60;1076.30;1076.30;306
Dec 07, 2015;1084.90;1086.50;1067.40;1076.40;1076.40;656
Dec 04, 2015;1063.00;1088.80;1058.70;1084.50;1084.50;889
Dec 03, 2015;1054.40;1064.60;1046.20;1061.70;1061.70;1161
Dec 02, 2015;1068.70;1069.50;1049.60;1054.20;1054.20;503
Dec 01, 2015;1064.60;1074.60;1063.40;1063.80;1063.80;3,441
Nov 30, 2015;1056.50;1068.40;1052.10;1065.80;1065.80;4,601
Nov 27, 2015;1070.70;1074.20;1051.10;1056.20;1056.20;52,133
Nov 25, 2015;1070.20;1072.00;1068.50;1070.50;1070.50;148,662
Nov 24, 2015;1073.20;1079.40;1073.20;1074.30;1074.30;222
Nov 23, 2015;1070.00;1071.50;1066.80;1066.80;1066.80;57
Nov 20, 2015;1082.90;1082.90;1076.40;1076.40;1076.40;5
Nov 19, 2015;1077.40;1082.40;1077.40;1078.00;1078.00;10
Nov 18, 2015;1064.00;1071.90;1064.00;1068.80;1068.80;5
Nov 17, 2015;1075.50;1075.80;1065.10;1068.70;1068.70;6
Nov 16, 2015;1092.00;1092.40;1083.70;1083.70;1083.70;11
Nov 13, 2015;1083.10;1085.90;1080.80;1080.80;1080.80;23
Nov 12, 2015;1086.00;1086.60;1080.80;1080.80;1080.80;4
Nov 11, 2015;1091.40;1091.40;1084.20;1084.70;1084.70;15
Nov 10, 2015;1090.10;1091.30;1085.00;1088.20;1088.20;18
Nov 09, 2015;1088.60;1088.60;1087.90;1087.90;1087.90;5
Nov 06, 2015;1105.20;1109.50;1084.80;1087.60;1087.60;78
Nov 05, 2015;1107.90;1110.70;1104.40;1104.40;1104.40;84
Nov 04, 2015;1119.00;1121.90;1106.50;1106.50;1106.50;141
Nov 03, 2015;1133.30;1134.70;1114.20;1114.20;1114.20;185
Nov 02, 2015;1137.90;1138.70;1132.60;1135.80;1135.80;180
Oct 30, 2015;1147.50;1147.60;1139.20;1141.50;1141.50;249
Oct 29, 2015;1158.00;1162.00;1144.90;1147.20;1147.20;329
Oct 28, 2015;1175.10;1182.70;1175.10;1177.10;1177.10;217
Oct 27, 2015;1164.50;1166.80;1162.00;1166.80;1166.80;302
Oct 26, 2015;1165.10;1170.00;1163.80;1167.00;1167.00;176
Oct 23, 2015;1166.20;1178.70;1163.30;1163.30;1163.30;38
Oct 22, 2015;1166.20;1168.60;1163.50;1166.60;1166.60;48
Oct 21, 2015;1175.90;1176.40;1164.90;1167.60;1167.60;41
Oct 20, 2015;1168.70;1179.10;1168.70;1178.00;1178.00;19
Oct 19, 2015;1176.50;1177.80;1169.30;1173.30;1173.30;62
Oct 16, 2015;1182.50;1184.10;1176.20;1183.60;1183.60;243
Oct 15, 2015;1184.20;1188.30;1177.80;1187.90;1187.90;143
Oct 14, 2015;1172.40;1189.00;1167.30;1180.10;1180.10;143
Oct 13, 2015;1163.50;1166.20;1154.90;1165.80;1165.80;132
Oct 12, 2015;1155.90;1166.80;1155.90;1164.90;1164.90;40
Oct 09, 2015;1151.60;1157.20;1151.60;1156.30;1156.30;22
Oct 08, 2015;1142.70;1146.70;1138.70;1144.70;1144.70;138
Oct 07, 2015;1147.60;1152.90;1143.00;1149.00;1149.00;104
Oct 06, 2015;1136.30;1150.00;1136.30;1146.80;1146.80;145
Oct 05, 2015;1137.10;1141.70;1132.50;1138.10;1138.10;226
Oct 02, 2015;1112.20;1141.20;1105.80;1137.10;1137.10;323
Oct 01, 2015;1115.20;1119.00;1113.30;1114.20;1114.20;1181
Sep 30, 2015;1124.30;1126.00;1112.10;1115.50;1115.50;865
Sep 29, 2015;1132.20;1134.40;1124.30;1127.10;1127.10;2417
Sep 28, 2015;1133.20;1133.20;1132.00;1132.00;1132.00;4,346
Sep 25, 2015;1149.80;1149.80;1143.40;1146.00;1146.00;56
Sep 24, 2015;1133.00;1155.90;1133.00;1153.80;1153.80;37
Sep 23, 2015;1128.60;1132.20;1128.30;1131.60;1131.60;33
Sep 22, 2015;1132.60;1135.00;1122.50;1125.00;1125.00;43
Sep 21, 2015;1137.60;1138.50;1130.80;1133.10;1133.10;17
Sep 18, 2015;1128.30;1141.20;1127.80;1138.10;1138.10;59
Sep 17, 2015;1118.60;1130.50;1117.10;1117.30;1117.30;14
Sep 16, 2015;1109.80;1119.90;1109.80;1119.20;1119.20;31
Sep 15, 2015;1104.50;1104.50;1102.80;1102.80;1102.80;8
Sep 14, 2015;1107.80;1108.60;1104.10;1107.70;1107.70;19
Sep 11, 2015;1110.80;1111.70;1098.20;1103.50;1103.50;81
Sep 10, 2015;1107.30;1113.50;1105.50;1109.50;1109.50;56
Sep 09, 2015;1123.50;1123.50;1102.10;1102.20;1102.20;150
Sep 08, 2015;1119.80;1124.30;1116.40;1120.40;1120.40;138
Sep 04, 2015;1123.40;1125.20;1116.20;1120.60;1120.60;51
Sep 03, 2015;1130.30;1132.90;1120.30;1123.70;1123.70;122
Sep 02, 2015;1137.30;1140.40;1130.80;1132.50;1132.50;201
Sep 01, 2015;1133.50;1144.70;1133.50;1138.70;1138.70;375
Aug 31, 2015;1131.10;1134.00;1124.80;1131.60;1131.60;194
Aug 28, 2015;1125.30;1139.00;1123.60;1133.10;1133.10;279
Aug 27, 2015;1127.20;1127.40;1118.40;1122.40;1122.40;564
Aug 26, 2015;1139.20;1143.00;1119.60;1124.60;1124.60;116
Aug 25, 2015;1151.50;1155.50;1134.00;1138.20;1138.20;217
Aug 24, 2015;1164.00;1169.00;1147.50;1153.40;1153.40;299
Aug 21, 2015;1154.10;1166.50;1150.50;1159.60;1159.60;261
Aug 20, 2015;1132.80;1153.30;1132.80;1153.00;1153.00;409
Aug 19, 2015;1117.00;1134.30;1116.80;1128.10;1128.10;348
Aug 18, 2015;1118.20;1118.40;1110.00;1117.10;1117.10;475
Aug 17, 2015;1113.80;1122.00;1113.80;1118.60;1118.60;399
Aug 14, 2015;1113.90;1118.80;1112.50;1112.90;1112.90;908
Aug 13, 2015;1124.30;1124.30;1113.00;1115.70;1115.70;441
Aug 12, 2015;1106.00;1124.50;1101.50;1123.20;1123.20;797
Aug 11, 2015;1103.80;1116.70;1094.00;1107.60;1107.60;997
Aug 10, 2015;1093.20;1107.60;1089.50;1104.20;1104.20;900
Aug 07, 2015;1088.90;1098.30;1081.70;1094.10;1094.10;614
Aug 06, 2015;1084.40;1092.20;1083.60;1090.20;1090.20;269
Aug 05, 2015;1086.50;1090.60;1082.50;1085.70;1085.70;1207
Aug 04, 2015;1085.10;1093.90;1080.50;1090.70;1090.70;1139
Aug 03, 2015;1095.50;1097.10;1085.00;1089.40;1089.40;2418
Jul 31, 2015;1087.70;1102.80;1079.10;1094.90;1094.90;5,700
Jul 30, 2015;1096.10;1097.50;1081.00;1088.40;1088.40;49,298
Jul 29, 2015;1096.40;1096.90;1092.70;1092.70;1092.70;159,142
Jul 28, 2015;1097.20;1097.70;1096.30;1096.30;1096.30;31
Jul 27, 2015;1100.00;1102.50;1093.90;1096.50;1096.50;19
Jul 24, 2015;1078.60;1100.70;1078.60;1085.60;1085.60;52
Jul 23, 2015;1097.40;1097.60;1087.80;1094.00;1094.00;64
Jul 22, 2015;1093.00;1095.00;1086.00;1091.40;1091.40;46
Jul 21, 2015;1097.10;1106.40;1097.10;1103.40;1103.40;118
Jul 20, 2015;1130.40;1130.70;1095.10;1106.70;1106.70;189
Jul 17, 2015;1144.00;1144.00;1130.20;1131.80;1131.80;120
Jul 16, 2015;1146.20;1146.20;1142.90;1143.80;1143.80;14
Jul 15, 2015;1154.00;1154.00;1144.80;1147.20;1147.20;15
Jul 14, 2015;1157.20;1157.20;1153.00;1153.30;1153.30;39
Jul 13, 2015;1159.00;1159.00;1151.20;1155.20;1155.20;14
Jul 10, 2015;1160.10;1161.40;1157.50;1157.70;1157.70;27
Jul 09, 2015;1154.80;1163.60;1154.80;1159.00;1159.00;65
Jul 08, 2015;1152.60;1163.30;1146.40;1163.30;1163.30;65
Jul 07, 2015;1166.80;1166.80;1149.50;1152.40;1152.40;469
Jul 06, 2015;1171.10;1173.00;1162.20;1172.90;1172.90;634
Jul 02, 2015;1166.40;1168.10;1155.50;1163.00;1163.00;316
Jul 01, 2015;1173.10;1173.10;1166.60;1169.00;1169.00;455
Jun 30, 2015;1176.30;1176.40;1166.60;1171.50;1171.50;223
Jun 29, 2015;1185.10;1186.00;1173.80;1178.50;1178.50;174
Jun 26, 2015;1170.50;1172.90;1170.50;1172.90;1172.90;308
Jun 25, 2015;1175.80;1175.90;1171.50;1171.50;1171.50;95
Jun 24, 2015;1176.60;1176.60;1170.70;1172.60;1172.60;263
Jun 23, 2015;1183.80;1186.00;1176.20;1176.20;1176.20;60
Jun 22, 2015;1197.80;1197.80;1182.70;1183.70;1183.70;30
Jun 19, 2015;1199.70;1203.10;1199.70;1201.50;1201.50;142
Jun 18, 2015;1183.40;1202.00;1183.40;1201.50;1201.50;130
Jun 17, 2015;1177.60;1186.30;1174.90;1176.40;1176.40;168
Jun 16, 2015;1186.50;1186.50;1175.90;1180.50;1180.50;29
Jun 15, 2015;1179.90;1188.50;1172.70;1185.30;1185.30;102
Jun 12, 2015;1180.40;1181.20;1176.20;1178.80;1178.80;141
Jun 11, 2015;1183.20;1183.20;1174.40;1179.90;1179.90;69
Jun 10, 2015;1176.10;1190.10;1175.60;1186.10;1186.10;295
Jun 09, 2015;1172.90;1180.30;1172.70;1177.30;1177.30;144
Jun 08, 2015;1169.50;1176.10;1169.10;1173.20;1173.20;173
Jun 05, 2015;1176.40;1177.30;1164.00;1167.80;1167.80;390
Jun 04, 2015;1184.90;1185.30;1173.00;1174.90;1174.90;447
Jun 03, 2015;1193.90;1193.90;1179.10;1184.70;1184.70;630
Jun 02, 2015;1189.00;1194.30;1186.00;1194.10;1194.10;1003
Jun 01, 2015;1190.60;1204.00;1184.30;1188.30;1188.30;1236
May 29, 2015;1187.80;1193.30;1185.70;1189.40;1189.40;4,748
May 28, 2015;1187.10;1192.00;1179.60;1188.10;1188.10;52,705
May 27, 2015;1185.90;1185.90;1185.90;1185.90;1185.90;200,216
May 26, 2015;1193.60;1193.60;1186.00;1187.20;1187.20;40
May 22, 2015;1211.60;1211.90;1204.30;1204.30;1204.30;8
May 21, 2015;1204.50;1204.50;1203.70;1204.40;1204.40;43
May 20, 2015;1205.10;1210.80;1205.10;1208.90;1208.90;11
May 19, 2015;1223.90;1223.90;1206.00;1206.90;1206.90;9
May 18, 2015;1224.50;1228.10;1222.60;1227.80;1227.80;8
May 15, 2015;1218.50;1225.50;1214.80;1225.50;1225.50;12
May 14, 2015;1214.50;1225.60;1214.50;1225.40;1225.40;35
May 13, 2015;1192.70;1218.40;1191.00;1218.40;1218.40;34
May 12, 2015;1194.60;1194.80;1189.70;1192.60;1192.60;10
May 11, 2015;1189.70;1190.50;1179.30;1183.20;1183.20;26
May 08, 2015;1183.30;1189.10;1182.90;1189.10;1189.10;51
May 07, 2015;1181.50;1186.00;1179.70;1182.40;1182.40;44
May 06, 2015;1194.50;1194.60;1189.90;1190.30;1190.30;14
May 05, 2015;1187.50;1198.70;1186.90;1193.20;1193.20;48
May 04, 2015;1177.50;1189.40;1177.50;1186.80;1186.80;38
May 01, 2015;1178.10;1178.10;1170.00;1174.50;1174.50;23
Apr 30, 2015;1203.10;1205.90;1176.70;1182.40;1182.40;143
Apr 29, 2015;1211.20;1212.60;1201.90;1209.80;1209.80;114
Apr 28, 2015;1199.70;1214.00;1199.70;1214.00;1214.00;401
Apr 27, 2015;1182.30;1206.70;1181.40;1203.30;1203.30;194
Apr 24, 2015;1192.30;1194.70;1174.60;1175.20;1175.20;52
Apr 23, 2015;1187.20;1197.00;1186.10;1194.40;1194.40;331
Apr 22, 2015;1199.10;1202.60;1185.20;1186.90;1186.90;93
Apr 21, 2015;1193.20;1202.90;1192.80;1202.90;1202.90;33
Apr 20, 2015;1205.70;1206.90;1191.00;1193.50;1193.50;67
Apr 17, 2015;1200.20;1206.00;1200.20;1202.90;1202.90;21
Apr 16, 2015;1204.30;1208.50;1194.60;1198.00;1198.00;199
Apr 15, 2015;1194.60;1203.10;1188.60;1201.50;1201.50;196
Apr 14, 2015;1198.80;1200.60;1184.10;1192.80;1192.80;546
Apr 13, 2015;1208.10;1208.10;1198.30;1199.30;1199.30;424
Apr 10, 2015;1195.80;1209.60;1195.80;1204.60;1204.60;202
Apr 09, 2015;1201.70;1202.50;1193.00;1193.60;1193.60;521
Apr 08, 2015;1208.90;1211.40;1197.60;1203.10;1203.10;236
Apr 07, 2015;1214.80;1214.80;1208.20;1210.60;1210.60;406
Apr 06, 2015;1209.90;1224.20;1209.90;1218.60;1218.60;343
Apr 02, 2015;1204.00;1205.70;1194.80;1200.90;1200.90;1684
Apr 01, 2015;1182.90;1208.20;1181.00;1208.10;1208.10;1632
Mar 31, 2015;1185.80;1190.10;1178.20;1183.10;1183.10;3,409
Mar 30, 2015;1198.00;1198.50;1181.60;1184.80;1184.80;37,990
Mar 27, 2015;1197.00;1199.80;1196.30;1199.80;1199.80;172,260
Mar 26, 2015;1198.20;1213.70;1198.20;1205.10;1205.10;68
Mar 25, 2015;1192.50;1199.20;1192.50;1197.30;1197.30;11
Mar 24, 2015;1188.00;1193.00;1186.00;1191.70;1191.70;411
Mar 23, 2015;1181.60;1188.00;1181.20;1188.00;1188.00;5
Mar 20, 2015;1171.00;1185.40;1171.00;1184.80;1184.80;54
Mar 19, 2015;1171.60;1171.60;1159.30;1169.10;1169.10;39
Mar 18, 2015;1148.70;1174.30;1147.00;1151.40;1151.40;112
Mar 17, 2015;1153.60;1158.20;1144.30;1148.30;1148.30;71
Mar 16, 2015;1159.70;1162.30;1150.10;1153.30;1153.30;56
Mar 13, 2015;1158.20;1159.20;1152.60;1152.60;1152.60;44
Mar 12, 2015;1155.40;1160.50;1149.70;1152.10;1152.10;63
Mar 11, 2015;1162.00;1162.00;1147.70;1150.70;1150.70;74
Mar 10, 2015;1166.40;1168.40;1156.50;1160.10;1160.10;94
Mar 09, 2015;1169.40;1174.20;1166.30;1166.40;1166.40;45
Mar 06, 2015;1195.00;1195.70;1163.70;1164.10;1164.10;168
Mar 05, 2015;1201.70;1205.40;1195.90;1195.90;1195.90;29
Mar 04, 2015;1204.80;1206.90;1198.00;1200.60;1200.60;27
Mar 03, 2015;1201.50;1212.00;1195.00;1204.00;1204.00;51
Mar 02, 2015;1214.30;1222.70;1204.90;1207.70;1207.70;124
Feb 27, 2015;1207.70;1217.80;1204.50;1212.60;1212.60;195
Feb 26, 2015;1204.80;1219.00;1204.80;1209.60;1209.60;560
Feb 25, 2015;1204.30;1204.60;1201.00;1201.00;1201.00;570
Feb 24, 2015;1203.40;1203.50;1193.80;1196.90;1196.90;151
Feb 23, 2015;1201.30;1203.30;1191.60;1200.30;1200.30;268
Feb 20, 2015;1206.50;1213.10;1199.10;1204.40;1204.40;51
Feb 19, 2015;1216.50;1220.00;1205.00;1207.10;1207.10;65
Feb 18, 2015;1207.10;1210.20;1197.80;1199.70;1199.70;147
Feb 17, 2015;1227.70;1234.00;1203.00;1208.10;1208.10;204
Feb 13, 2015;1222.20;1232.80;1222.20;1226.50;1226.50;65
Feb 12, 2015;1217.90;1229.80;1217.90;1220.10;1220.10;99
Feb 11, 2015;1233.30;1237.40;1219.00;1219.00;1219.00;102
Feb 10, 2015;1237.50;1245.00;1231.20;1231.60;1231.60;231
Feb 09, 2015;1237.50;1242.30;1235.40;1240.80;1240.80;319
Feb 06, 2015;1265.00;1267.60;1228.00;1233.90;1233.90;432
Feb 05, 2015;1271.80;1272.60;1257.80;1262.00;1262.00;133
Feb 04, 2015;1262.00;1271.60;1256.80;1263.80;1263.80;668
Feb 03, 2015;1273.50;1284.70;1255.30;1259.70;1259.70;2380
Feb 02, 2015;1284.10;1284.10;1266.00;1276.20;1276.20;1654
Jan 30, 2015;1258.00;1284.30;1257.00;1278.50;1278.50;8,626
Jan 29, 2015;1283.30;1285.40;1251.00;1254.60;1254.60;67,983
Jan 28, 2015;1285.90;1286.80;1285.90;1285.90;1285.90;180,387
Jan 27, 2015;1277.20;1291.70;1277.20;1291.70;1291.70;20
Jan 26, 2015;1289.50;1290.60;1279.40;1279.40;1279.40;26
Jan 23, 2015;1299.80;1299.80;1292.60;1292.60;1292.60;23
Jan 22, 2015;1293.20;1302.10;1283.50;1300.70;1300.70;131
Jan 21, 2015;1295.20;1303.50;1286.70;1293.70;1293.70;78
Jan 20, 2015;1278.90;1297.30;1273.80;1294.20;1294.20;157
Jan 16, 2015;1256.10;1279.70;1256.10;1276.90;1276.90;44
Jan 15, 2015;1231.50;1265.00;1227.30;1264.70;1264.70;130
Jan 14, 2015;1229.60;1243.80;1225.60;1234.40;1234.40;21
Jan 13, 2015;1239.20;1239.30;1230.30;1234.30;1234.30;20
Jan 12, 2015;1224.20;1234.40;1219.10;1232.70;1232.70;100
Jan 09, 2015;1211.10;1220.20;1210.30;1216.00;1216.00;43
Jan 08, 2015;1207.00;1215.70;1206.30;1208.40;1208.40;92
Jan 07, 2015;1219.20;1219.20;1210.60;1210.60;1210.60;29
Jan 06, 2015;1203.50;1220.00;1203.50;1219.30;1219.30;97
Jan 05, 2015;1180.30;1206.90;1180.10;1203.90;1203.90;470
Jan 02, 2015;1184.00;1194.50;1169.50;1186.00;1186.00;138
